Date,SPX_Spot,VIX_Spot,Jan,Feb,Mar,Apr,May,Jun,Jul,Aug,Sep,Oct,Nov,Dec
3/1/2017,2257.83,12.85,13.775,,,,,,,,,,,
4/1/2017,2270.75,11.85,13.175,,,,,,,,,,,
5/1/2017,2269.00,11.67,13.025,,,,,,,,,,,
6/1/2017,2276.98,11.32,12.875,,,,,,,,,,,
9/1/2017,2268.90,11.56,12.925,14.525,,,,,,,,,,
10/1/2017,2268.90,11.49,12.875,14.475,,,,,,,,,,
11/1/2017,2275.32,11.26,12.525,14.225,,,,,,,,,,
12/1/2017,2270.44,11.54,12.475,14.325,,,,,,,,,,
13/1/2017,2274.64,11.23,12.175,14.225,,,,,,,,,,
17/1/2017,2267.89,11.87,12.175,14.175,,,,,,,,,,
18/1/2017,2271.89,12.48,11.86,14.175,,,,,,,,,,
19/1/2017,2263.69,12.78,,14.225,,,,,,,,,,
20/1/2017,2271.31,11.54,,13.825,,,,,,,,,,
23/1/2017,2265.20,11.77,,13.575,,,,,,,,,,
24/1/2017,2280.07,11.07,,13.025,,,,,,,,,,
25/1/2017,2298.37,10.81,,12.725,,,,,,,,,,
26/1/2017,2296.68,10.63,,12.675,,,,,,,,,,
27/1/2017,2294.69,10.58,,12.525,,,,,,,,,,
30/1/2017,2280.90,11.88,,12.875,,,,,,,,,,
31/1/2017,2278.87,11.99,,12.925,,,,,,,,,,
1/2/2017,2279.55,11.81,,12.675,,,,,,,,,,
2/2/2017,2280.85,11.93,,12.925,,,,,,,,,,
3/2/2017,2297.42,10.97,,12.475,,,,,,,,,,
6/2/2017,2292.56,11.37,,12.475,,,,,,,,,,
7/2/2017,2293.08,11.29,,12.575,13.975,,,,,,,,,
8/2/2017,2294.67,11.45,,12.575,13.975,,,,,,,,,
9/2/2017,2307.87,10.88,,12.025,13.675,,,,,,,,,
10/2/2017,2316.10,10.85,,11.725,13.375,,,,,,,,,
13/2/2017,2328.25,11.07,,11.425,13.075,,,,,,,,,
14/2/2017,2337.58,10.74,,11.175,12.3,,,,,,,,,
15/2/2017,2349.25,11.97,,11.5,12.875,,,,,,,,,
16/2/2017,2347.22,11.76,,,12.975,,,,,,,,,
17/2/2017,2351.16,11.49,,,13.125,,,,,,,,,
21/2/2017,2365.38,11.57,,,13.175,,,,,,,,,
22/2/2017,2362.82,11.74,,,13.225,,,,,,,,,
23/2/2017,2363.81,11.71,,,13.525,,,,,,,,,
24/2/2017,2367.34,11.47,,,13.325,,,,,,,,,
27/2/2017,2369.75,12.09,,,13.275,,,,,,,,,
28/2/2017,2363.64,12.92,,,13.525,,,,,,,,,
1/3/2017,2395.96,12.54,,,13.275,,,,,,,,,
2/3/2017,2381.92,11.81,,,13.275,,,,,,,,,
3/3/2017,2383.12,10.96,,,12.825,,,,,,,,,
6/3/2017,2375.31,11.24,,,12.675,,,,,,,,,
7/3/2017,2368.39,11.45,,,12.625,,,,,,,,,
8/3/2017,2362.98,11.86,,,12.675,,,,,,,,,
9/3/2017,2364.87,12.3,,,12.775,,,,,,,,,
10/3/2017,2372.60,11.66,,,12.525,,,,,,,,,
13/3/2017,2373.47,11.35,,,12.125,,,,,,,,,
14/3/2017,2365.45,12.3,,,12.625,14.075,,,,,,,,
15/3/2017,2385.26,11.63,,,12.275,13.725,,,,,,,,
16/3/2017,2381.38,11.21,,,11.925,13.275,,,,,,,,
17/3/2017,2378.25,11.28,,,11.775,13.275,,,,,,,,
20/3/2017,2373.47,11.34,,,11.625,13.175,,,,,,,,
21/3/2017,2344.02,12.47,,,12.175,13.775,,,,,,,,
22/3/2017,2348.45,12.81,,,12.15,13.925,,,,,,,,
23/3/2017,2345.96,13.12,,,,14.275,,,,,,,,
24/3/2017,2343.98,12.96,,,,13.925,,,,,,,,
27/3/2017,2341.59,12.5,,,,13.575,,,,,,,,
28/3/2017,2358.57,11.53,,,,12.925,,,,,,,,
29/3/2017,2361.13,11.42,,,,12.925,,,,,,,,
30/3/2017,2368.06,11.54,,,,12.825,,,,,,,,
31/3/2017,2362.72,12.37,,,,13.275,,,,,,,,
3/4/2017,2358.84,12.38,,,,13.475,,,,,,,,
4/4/2017,2360.16,11.79,,,,13.225,,,,,,,,
5/4/2017,2352.95,12.89,,,,13.875,,,,,,,,
6/4/2017,2357.49,12.39,,,,13.575,,,,,,,,
7/4/2017,2355.54,12.87,,,,14.025,,,,,,,,
10/4/2017,2357.16,14.05,,,,15.025,14.325,,,,,,,
11/4/2017,2353.78,15.07,,,,15.975,14.525,,,,,,,
12/4/2017,2344.93,15.77,,,,16.275,14.925,,,,,,,
13/4/2017,2328.95,15.96,,,,16.325,15.225,,,,,,,
17/4/2017,2349.01,14.66,,,,15.075,14.325,,,,,,,
18/4/2017,2342.19,14.42,,,,14.725,14.325,,,,,,,
19/4/2017,2338.17,14.93,,,,14.3,14.575,,,,,,,
20/4/2017,2355.84,14.15,,,,,14.325,,,,,,,
21/4/2017,2348.69,14.63,,,,,14.325,,,,,,,
24/4/2017,2374.15,10.84,,,,,12.675,,,,,,,
25/4/2017,2388.61,10.76,,,,,12.475,,,,,,,
26/4/2017,2387.45,10.85,,,,,12.375,,,,,,,
27/4/2017,2388.77,10.36,,,,,12.375,,,,,,,
28/4/2017,2384.20,10.82,,,,,12.275,,,,,,,
1/5/2017,2388.33,10.11,,,,,11.825,,,,,,,
2/5/2017,2391.17,10.59,,,,,11.825,,,,,,,
3/5/2017,2388.13,10.68,,,,,12.075,,,,,,,
4/5/2017,2389.52,10.46,,,,,11.725,,,,,,,
5/5/2017,2399.29,10.57,,,,,11.775,,,,,,,
8/5/2017,2399.38,9.77,,,,,11.425,,,,,,,
9/5/2017,2396.92,9.96,,,,,11.425,12.475,,,,,,
10/5/2017,2399.63,10.21,,,,,11.525,12.475,,,,,,
11/5/2017,2394.44,10.6,,,,,11.425,12.625,,,,,,
12/5/2017,2390.90,10.4,,,,,11.225,12.425,,,,,,
15/5/2017,2402.32,10.42,,,,,10.825,12.175,,,,,,
16/5/2017,2400.67,10.65,,,,,11.075,12.075,,,,,,
17/5/2017,2357.03,15.59,,,,,12.2,14.225,,,,,,
18/5/2017,2365.72,14.66,,,,,,14.275,,,,,,
19/5/2017,2381.73,12.04,,,,,,12.725,,,,,,
22/5/2017,2394.02,10.93,,,,,,12.225,,,,,,
23/5/2017,2398.42,10.72,,,,,,12.325,,,,,,
24/5/2017,2404.39,10.02,,,,,,11.975,,,,,,
25/5/2017,2415.07,9.99,,,,,,12.025,,,,,,
26/5/2017,2415.82,9.81,,,,,,11.925,,,,,,
30/5/2017,2412.91,10.38,,,,,,11.825,,,,,,
31/5/2017,2411.80,10.41,,,,,,11.825,,,,,,
1/6/2017,2430.06,9.89,,,,,,11.625,,,,,,
2/6/2017,2439.07,9.75,,,,,,11.625,,,,,,
5/6/2017,2436.10,10.07,,,,,,11.775,,,,,,
6/6/2017,2429.33,10.45,,,,,,11.975,,,,,,
7/6/2017,2433.14,10.39,,,,,,11.875,,,,,,
8/6/2017,2433.79,10.16,,,,,,11.625,,,,,,
9/6/2017,2431.77,10.7,,,,,,11.725,,,,,,
12/6/2017,2429.39,11.46,,,,,,11.875,,,,,,
13/6/2017,2440.35,10.42,,,,,,11.425,12.275,,,,,
14/6/2017,2437.92,10.64,,,,,,11.475,12.275,,,,,
15/6/2017,2432.46,10.9,,,,,,11.525,12.425,,,,,
16/6/2017,2433.15,10.38,,,,,,11.325,12.325,,,,,
19/6/2017,2453.46,10.37,,,,,,10.875,12.125,,,,,
20/6/2017,2437.03,10.86,,,,,,11.125,12.075,,,,,
21/6/2017,2435.61,10.75,,,,,,11.15,12.175,,,,,
22/6/2017,2434.50,10.48,,,,,,,11.975,,,,,
23/6/2017,2438.30,10.02,,,,,,,11.875,,,,,
26/6/2017,2439.07,9.9,,,,,,,11.625,,,,,
27/6/2017,2419.38,11.06,,,,,,,12.025,,,,,
28/6/2017,2440.69,10.03,,,,,,,11.675,,,,,
29/6/2017,2419.70,11.44,,,,,,,12.025,,,,,
30/6/2017,2423.41,11.18,,,,,,,12.325,,,,,
3/7/2017,2429.01,11.22,,,,,,,12.575,,,,,
5/7/2017,2432.54,11.07,,,,,,,12.325,,,,,
6/7/2017,2409.75,12.54,,,,,,,13.025,,,,,
7/7/2017,2425.18,11.19,,,,,,,12.575,,,,,
10/7/2017,2427.43,11.11,,,,,,,12.225,,,,,
11/7/2017,2425.53,10.89,,,,,,,12.125,12.675,,,,
12/7/2017,2443.25,10.3,,,,,,,11.525,12.425,,,,
13/7/2017,2447.83,9.9,,,,,,,11.075,12.375,,,,
14/7/2017,2459.27,9.51,,,,,,,10.575,12.025,,,,
17/7/2017,2459.14,9.82,,,,,,,10.275,11.925,,,,
18/7/2017,2460.61,9.89,,,,,,,10.125,11.775,,,,
19/7/2017,2473.83,9.79,,,,,,,9.85,11.525,,,,
20/7/2017,2473.45,9.58,,,,,,,,11.475,,,,
21/7/2017,2472.54,9.36,,,,,,,,11.375,,,,
24/7/2017,2469.91,9.43,,,,,,,,11.325,,,,
25/7/2017,2477.13,9.43,,,,,,,,11.175,,,,
26/7/2017,2477.83,9.6,,,,,,,,11.275,,,,
27/7/2017,2475.42,10.11,,,,,,,,11.425,,,,
28/7/2017,2472.10,10.29,,,,,,,,11.375,,,,
31/7/2017,2470.30,10.26,,,,,,,,11.275,,,,
1/8/2017,2476.35,10.09,,,,,,,,11.225,,,,
2/8/2017,2477.57,10.28,,,,,,,,11.275,,,,
3/8/2017,2472.16,10.44,,,,,,,,11.325,,,,
4/8/2017,2476.83,10.03,,,,,,,,11.275,,,,
7/8/2017,2480.91,9.93,,,,,,,,11.125,,,,
8/8/2017,2474.92,10.96,,,,,,,,11.525,12.925,,,
9/8/2017,2474.02,11.11,,,,,,,,11.725,13.075,,,
10/8/2017,2438.21,16.04,,,,,,,,15.525,15.175,,,
11/8/2017,2441.32,15.51,,,,,,,,15.425,15.275,,,
14/8/2017,2465.84,12.33,,,,,,,,12.45,13.175,,,
15/8/2017,2464.61,12.04,,,,,,,,12.325,13.175,,,
16/8/2017,2468.11,11.74,,,,,,,,12.16,13.075,,,
17/8/2017,2430.01,15.55,,,,,,,,,14.925,,,
18/8/2017,2425.55,14.26,,,,,,,,,14.975,,,
21/8/2017,2428.37,13.19,,,,,,,,,14.125,,,
22/8/2017,2452.51,11.35,,,,,,,,,12.975,,,
23/8/2017,2444.04,12.25,,,,,,,,,13.625,,,
24/8/2017,2438.97,12.23,,,,,,,,,13.425,,,
25/8/2017,2443.05,11.28,,,,,,,,,13.075,,,
28/8/2017,2444.24,11.32,,,,,,,,,13.025,,,
29/8/2017,2446.30,11.7,,,,,,,,,13.175,,,
30/8/2017,2457.59,11.22,,,,,,,,,13.175,,,
31/8/2017,2471.65,10.59,,,,,,,,,12.625,,,
1/9/2017,2476.55,10.13,,,,,,,,,12.625,,,
5/9/2017,2457.85,12.23,,,,,,,,,13.175,,,
6/9/2017,2465.54,11.63,,,,,,,,,13.175,,,
7/9/2017,2465.10,11.55,,,,,,,,,12.825,,,
8/9/2017,2461.43,12.12,,,,,,,,,13.275,,,
11/9/2017,2488.11,10.73,,,,,,,,,12.075,,,
12/9/2017,2496.48,10.58,,,,,,,,,11.875,13.375,,
13/9/2017,2498.37,10.5,,,,,,,,,11.525,12.925,,
14/9/2017,2495.62,10.44,,,,,,,,,11.475,13.025,,
15/9/2017,2500.23,10.17,,,,,,,,,11.125,12.925,,
18/9/2017,2503.87,10.15,,,,,,,,,10.675,12.425,,
19/9/2017,2506.65,10.18,,,,,,,,,10.825,12.425,,
20/9/2017,2508.24,9.78,,,,,,,,,10.45,12.275,,
21/9/2017,2500.60,9.67,,,,,,,,,,12.325,,
22/9/2017,2502.22,9.59,,,,,,,,,,12.425,,
25/9/2017,2496.66,10.21,,,,,,,,,,12.375,,
26/9/2017,2496.84,10.17,,,,,,,,,,12.275,,
27/9/2017,2507.04,9.87,,,,,,,,,,12.175,,
28/9/2017,2510.06,9.55,,,,,,,,,,11.925,,
29/9/2017,2519.36,9.51,,,,,,,,,,11.675,,
2/10/2017,2529.12,9.45,,,,,,,,,,11.375,,
3/10/2017,2534.58,9.51,,,,,,,,,,11.375,,
4/10/2017,2537.74,9.63,,,,,,,,,,11.325,,
5/10/2017,2552.07,9.19,,,,,,,,,,10.825,,
6/10/2017,2549.33,9.65,,,,,,,,,,10.825,,
9/10/2017,2544.73,10.33,,,,,,,,,,11.125,,
10/10/2017,2550.64,10.08,,,,,,,,,,10.925,12.325,
11/10/2017,2555.24,9.85,,,,,,,,,,10.775,12.175,
12/10/2017,2550.93,9.91,,,,,,,,,,10.575,12.075,
13/10/2017,2553.17,9.61,,,,,,,,,,10.275,11.875,
16/10/2017,2557.64,9.91,,,,,,,,,,10.275,11.675,
17/10/2017,2559.36,10.31,,,,,,,,,,10.375,11.725,
18/10/2017,2561.26,10.07,,,,,,,,,,10.3,11.575,
19/10/2017,2562.10,10.05,,,,,,,,,,,11.475,
20/10/2017,2575.21,9.97,,,,,,,,,,,11.325,
23/10/2017,2564.98,11.07,,,,,,,,,,,11.775,
24/10/2017,2569.13,11.16,,,,,,,,,,,11.925,
25/10/2017,2557.15,11.23,,,,,,,,,,,12.025,
26/10/2017,2560.40,11.3,,,,,,,,,,,12.075,
27/10/2017,2581.07,9.8,,,,,,,,,,,11.425,
30/10/2017,2572.83,10.5,,,,,,,,,,,11.575,
31/10/2017,2575.26,10.18,,,,,,,,,,,11.275,
1/11/2017,2579.36,10.2,,,,,,,,,,,11.375,
2/11/2017,2579.85,9.93,,,,,,,,,,,11.125,
3/11/2017,2587.84,9.14,,,,,,,,,,,10.975,
6/11/2017,2591.13,9.4,,,,,,,,,,,10.725,
7/11/2017,2590.64,9.89,,,,,,,,,,,10.875,12.275
8/11/2017,2594.38,9.78,,,,,,,,,,,10.875,12.275
9/11/2017,2584.62,10.5,,,,,,,,,,,11.125,12.325
10/11/2017,2582.30,11.29,,,,,,,,,,,11.6,12.575
13/11/2017,2584.84,11.5,,,,,,,,,,,11.625,12.775
14/11/2017,2578.87,11.59,,,,,,,,,,,12.05,12.675
15/11/2017,2564.62,13.13,,,,,,,,,,,13.05,13.175
16/11/2017,2585.64,11.76,,,,,,,,,,,,12.675
17/11/2017,2578.85,11.43,,,,,,,,,,,,12.625
20/11/2017,2582.14,10.65,,,,,,,,,,,,12.075
21/11/2017,2599.03,9.73,,,,,,,,,,,,11.625
22/11/2017,2597.08,9.88,,,,,,,,,,,,11.475
24/11/2017,2602.42,9.67,,,,,,,,,,,,11.425
27/11/2017,2601.42,9.87,,,,,,,,,,,,11.325
28/11/2017,2627.04,10.03,,,,,,,,,,,,11.275
29/11/2017,2626.07,10.7,,,,,,,,,,,,11.475
30/11/2017,2647.58,11.28,,,,,,,,,,,,11.675
1/12/2017,2642.22,11.43,,,,,,,,,,,,11.875
4/12/2017,2639.44,11.68,,,,,,,,,,,,11.925
5/12/2017,2629.57,11.33,,,,,,,,,,,,11.875
6/12/2017,2629.27,11.02,,,,,,,,,,,,11.725
7/12/2017,2636.98,10.16,,,,,,,,,,,,11.175
8/12/2017,2651.50,9.58,,,,,,,,,,,,10.875
11/12/2017,2659.99,9.34,,,,,,,,,,,,10.325
12/12/2017,2664.11,9.92,,,,,,,,,,,,10.375
13/12/2017,2662.85,10.18,11.975,,,,,,,,,,,10.525
14/12/2017,2652.01,10.49,11.875,,,,,,,,,,,10.375
15/12/2017,2675.81,9.42,11.475,,,,,,,,,,,9.925
18/12/2017,2690.16,9.53,11.325,,,,,,,,,,,9.875
19/12/2017,2681.47,10.03,11.325,,,,,,,,,,,10.075
20/12/2017,2679.25,9.72,11.425,,,,,,,,,,,9.6
21/12/2017,2684.57,9.62,11.225,,,,,,,,,,,
22/12/2017,2683.34,9.9,11.425,,,,,,,,,,,
26/12/2017,2680.50,10.25,11.325,,,,,,,,,,,
27/12/2017,2682.62,10.47,11.325,,,,,,,,,,,
28/12/2017,2687.54,10.18,11.225,,,,,,,,,,,
29/12/2017,2673.61,11.04,11.475,,,,,,,,,,,
2/1/2018,2695.81,9.77,10.875,,,,,,,,,,,
3/1/2018,2713.06,9.15,10.675,,,,,,,,,,,
4/1/2018,2723.99,9.22,10.575,,,,,,,,,,,
5/1/2018,2743.15,9.22,10.475,,,,,,,,,,,
8/1/2018,2747.71,9.52,10.475,11.675,,,,,,,,,,
9/1/2018,2751.29,10.08,10.675,11.775,,,,,,,,,,
10/1/2018,2748.23,9.82,10.575,11.575,,,,,,,,,,
11/1/2018,2767.56,9.88,10.475,11.575,,,,,,,,,,
12/1/2018,2786.24,10.16,10.575,11.675,,,,,,,,,,
16/1/2018,2776.42,11.66,11.775,12.075,,,,,,,,,,
17/1/2018,2802.56,11.91,11.95,12.125,,,,,,,,,,
18/1/2018,2798.03,12.22,,12.075,,,,,,,,,,
19/1/2018,2810.30,11.27,,11.925,,,,,,,,,,
22/1/2018,2832.97,11.03,,11.825,,,,,,,,,,
23/1/2018,2839.13,11.1,,11.975,,,,,,,,,,
24/1/2018,2837.54,11.47,,12.225,,,,,,,,,,
25/1/2018,2839.25,11.58,,12.425,,,,,,,,,,
26/1/2018,2872.87,11.08,,12.325,,,,,,,,,,
29/1/2018,2853.53,13.84,,13.525,,,,,,,,,,
30/1/2018,2822.43,14.79,,13.975,,,,,,,,,,
31/1/2018,2823.81,13.54,,13.475,,,,,,,,,,
1/2/2018,2821.98,13.47,,13.275,,,,,,,,,,
2/2/2018,2762.13,17.31,,15.625,,,,,,,,,,
5/2/2018,2648.94,37.32,,33.225,,,,,,,,,,
6/2/2018,2695.14,29.98,,23.875,21.025,,,,,,,,,
7/2/2018,2681.66,27.73,,23.425,19.875,,,,,,,,,
8/2/2018,2581.00,33.46,,28.1,21.65,,,,,,,,,
9/2/2018,2619.55,29.06,,27.175,20.425,,,,,,,,,
12/2/2018,2656.00,25.61,,25.825,19.825,,,,,,,,,
13/2/2018,2662.94,24.97,,25.225,19.825,,,,,,,,,
14/2/2018,2698.63,19.26,,21.87,17.875,,,,,,,,,
15/2/2018,2731.20,19.13,,,17.525,,,,,,,,,
16/2/2018,2732.22,19.46,,,17.775,,,,,,,,,
20/2/2018,2716.26,20.6,,,18.375,,,,,,,,,
21/2/2018,2701.33,20.02,,,18.575,,,,,,,,,
22/2/2018,2703.96,18.72,,,18.075,,,,,,,,,
23/2/2018,2747.30,16.49,,,16.775,,,,,,,,,
26/2/2018,2779.60,15.8,,,16.175,,,,,,,,,
27/2/2018,2744.28,18.59,,,17.525,,,,,,,,,
28/2/2018,2713.83,19.85,,,18.575,,,,,,,,,
1/3/2018,2677.67,22.47,,,19.975,,,,,,,,,
2/3/2018,2691.25,19.59,,,19.025,,,,,,,,,
5/3/2018,2720.94,18.73,,,18.275,,,,,,,,,
6/3/2018,2728.12,18.36,,,18.325,,,,,,,,,
7/3/2018,2726.80,17.76,,,17.875,,,,,,,,,
8/3/2018,2738.97,16.54,,,17.225,,,,,,,,,
9/3/2018,2786.57,14.64,,,15.775,,,,,,,,,
12/3/2018,2783.02,15.78,,,16.175,,,,,,,,,
13/3/2018,2765.31,16.35,,,16.775,16.925,,,,,,,,
14/3/2018,2749.48,17.23,,,17.375,17.275,,,,,,,,
15/3/2018,2747.33,16.59,,,16.775,16.725,,,,,,,,
16/3/2018,2752.01,15.8,,,16.275,16.475,,,,,,,,
19/3/2018,2712.92,19.02,,,18.175,17.475,,,,,,,,
20/3/2018,2716.94,18.2,,,18.375,17.375,,,,,,,,
21/3/2018,2711.93,17.86,,,17.76,17.325,,,,,,,,
22/3/2018,2643.69,23.34,,,,19.375,,,,,,,,
23/3/2018,2588.26,24.87,,,,20.425,,,,,,,,
26/3/2018,2658.55,21.03,,,,19.325,,,,,,,,
27/3/2018,2612.62,22.5,,,,20.425,,,,,,,,
28/3/2018,2605.00,22.87,,,,21.025,,,,,,,,
29/3/2018,2640.87,19.97,,,,19.775,,,,,,,,
2/4/2018,2581.88,23.62,,,,21.425,,,,,,,,
3/4/2018,2614.45,21.1,,,,20.475,,,,,,,,
4/4/2018,2644.69,20.06,,,,19.975,,,,,,,,
5/4/2018,2662.84,18.94,,,,19.075,,,,,,,,
6/4/2018,2604.47,21.49,,,,20.625,,,,,,,,
9/4/2018,2613.16,21.77,,,,20.825,,,,,,,,
10/4/2018,2656.87,20.47,,,,20.175,19.425,,,,,,,
11/4/2018,2642.19,20.24,,,,20.075,19.475,,,,,,,
12/4/2018,2663.99,18.49,,,,18.825,18.725,,,,,,,
13/4/2018,2656.30,17.41,,,,17.925,18.125,,,,,,,
16/4/2018,2677.84,16.56,,,,16.825,17.275,,,,,,,
17/4/2018,2706.39,15.25,,,,15.325,16.375,,,,,,,
18/4/2018,2708.64,15.6,,,,17.26,16.425,,,,,,,
19/4/2018,2693.13,15.96,,,,,16.575,,,,,,,
20/4/2018,2670.14,16.88,,,,,17.025,,,,,,,
23/4/2018,2670.29,16.34,,,,,16.825,,,,,,,
24/4/2018,2634.56,18.02,,,,,17.675,,,,,,,
25/4/2018,2639.40,17.84,,,,,17.725,,,,,,,
26/4/2018,2666.94,16.24,,,,,16.875,,,,,,,
27/4/2018,2669.91,15.41,,,,,16.425,,,,,,,
30/4/2018,2648.05,15.93,,,,,16.625,,,,,,,
1/5/2018,2654.80,15.49,,,,,16.275,,,,,,,
2/5/2018,2635.67,15.97,,,,,16.625,,,,,,,
3/5/2018,2629.73,15.9,,,,,16.525,,,,,,,
4/5/2018,2663.42,14.77,,,,,15.875,,,,,,,
7/5/2018,2672.63,14.75,,,,,15.725,,,,,,,
8/5/2018,2671.92,14.71,,,,,15.775,16.225,,,,,,
9/5/2018,2697.79,13.42,,,,,14.825,15.625,,,,,,
10/5/2018,2723.07,13.23,,,,,14.175,15.075,,,,,,
11/5/2018,2727.72,12.65,,,,,13.675,14.7,,,,,,
14/5/2018,2730.13,12.93,,,,,13.375,14.475,,,,,,
15/5/2018,2711.45,14.63,,,,,14.875,15.325,,,,,,
16/5/2018,2722.46,13.42,,,,,13.79,14.675,,,,,,
17/5/2018,2720.13,13.43,,,,,,14.375,,,,,,
18/5/2018,2712.97,13.42,,,,,,14.525,,,,,,
21/5/2018,2733.01,13.08,,,,,,14.075,,,,,,
22/5/2018,2724.44,13.22,,,,,,14.225,,,,,,
23/5/2018,2733.29,12.58,,,,,,13.875,,,,,,
24/5/2018,2727.76,12.53,,,,,,13.825,,,,,,
25/5/2018,2721.33,13.22,,,,,,14.125,,,,,,
29/5/2018,2689.86,17.02,,,,,,15.925,,,,,,
30/5/2018,2724.01,14.94,,,,,,15.175,,,,,,
31/5/2018,2705.27,15.43,,,,,,15.425,,,,,,
1/6/2018,2734.62,13.46,,,,,,14.425,,,,,,
4/6/2018,2746.87,12.74,,,,,,13.925,,,,,,
5/6/2018,2748.80,12.4,,,,,,13.625,,,,,,
6/6/2018,2772.35,11.64,,,,,,13.075,,,,,,
7/6/2018,2770.37,12.13,,,,,,13.175,,,,,,
8/6/2018,2779.03,12.18,,,,,,13.325,,,,,,
11/6/2018,2782.00,12.35,,,,,,12.875,,,,,,
12/6/2018,2786.85,12.34,,,,,,12.775,13.925,,,,,
13/6/2018,2775.63,12.94,,,,,,13.225,14.175,,,,,
14/6/2018,2782.49,12.12,,,,,,12.675,13.675,,,,,
15/6/2018,2779.66,11.98,,,,,,12.575,13.725,,,,,
18/6/2018,2773.75,12.31,,,,,,12.675,13.675,,,,,
19/6/2018,2762.59,13.35,,,,,,13.575,14.225,,,,,
20/6/2018,2767.32,12.79,,,,,,12.27,13.925,,,,,
21/6/2018,2749.76,14.64,,,,,,,14.875,,,,,
22/6/2018,2754.88,13.77,,,,,,,14.425,,,,,
25/6/2018,2717.07,17.33,,,,,,,16.325,,,,,
26/6/2018,2723.06,15.92,,,,,,,15.875,,,,,
27/6/2018,2699.63,17.91,,,,,,,16.925,,,,,
28/6/2018,2716.31,16.85,,,,,,,16.525,,,,,
29/6/2018,2718.37,16.09,,,,,,,16.025,,,,,
2/7/2018,2726.71,15.6,,,,,,,16.025,,,,,
3/7/2018,2713.22,16.14,,,,,,,16.375,,,,,
5/7/2018,2736.61,14.97,,,,,,,15.475,,,,,
6/7/2018,2759.82,13.37,,,,,,,14.575,,,,,
9/7/2018,2784.17,12.69,,,,,,,13.775,,,,,
10/7/2018,2793.84,12.64,,,,,,,13.425,14.425,,,,
11/7/2018,2774.02,13.63,,,,,,,14.175,14.875,,,,
12/7/2018,2798.29,12.58,,,,,,,13.325,14.475,,,,
13/7/2018,2801.31,12.18,,,,,,,12.975,14.225,,,,
16/7/2018,2798.43,12.83,,,,,,,12.975,14.275,,,,
17/7/2018,2809.55,12.06,,,,,,,12.125,13.975,,,,
18/7/2018,2815.62,12.1,,,,,,,12.38,13.925,,,,
19/7/2018,2804.49,12.87,,,,,,,,14.175,,,,
20/7/2018,2801.83,12.86,,,,,,,,14.275,,,,
23/7/2018,2806.98,12.62,,,,,,,,14.075,,,,
24/7/2018,2820.40,12.41,,,,,,,,14.075,,,,
25/7/2018,2846.07,12.29,,,,,,,,13.825,,,,
26/7/2018,2837.44,12.14,,,,,,,,13.85,,,,
27/7/2018,2818.82,13.03,,,,,,,,14.325,,,,
30/7/2018,2802.60,14.26,,,,,,,,14.875,,,,
31/7/2018,2816.29,12.83,,,,,,,,14.075,,,,
1/8/2018,2813.36,13.15,,,,,,,,14.275,,,,
2/8/2018,2827.22,12.19,,,,,,,,13.925,,,,
3/8/2018,2840.35,11.64,,,,,,,,13.525,,,,
6/8/2018,2850.40,11.27,,,,,,,,13.025,,,,
7/8/2018,2858.45,10.93,,,,,,,,12.725,,,,
8/8/2018,2857.70,10.85,,,,,,,,12.575,,,,
9/8/2018,2853.58,11.27,,,,,,,,12.675,,,,
10/8/2018,2833.28,13.16,,,,,,,,13.775,,,,
13/8/2018,2821.93,14.78,,,,,,,,14.875,,,,
14/8/2018,2839.96,13.31,,,,,,,,13.725,14.725,,,
15/8/2018,2818.37,14.64,,,,,,,,14.875,15.225,,,
16/8/2018,2840.69,13.45,,,,,,,,13.725,14.775,,,
17/8/2018,2850.13,12.64,,,,,,,,13.075,14.325,,,
20/8/2018,2857.05,12.49,,,,,,,,12.775,14.175,,,
21/8/2018,2862.96,12.86,,,,,,,,12.875,14.625,,,
22/8/2018,2861.82,12.25,,,,,,,,12.61,14.175,,,
23/8/2018,2856.98,12.41,,,,,,,,,14.225,,,
24/8/2018,2874.69,11.99,,,,,,,,,14.125,,,
27/8/2018,2896.74,12.16,,,,,,,,,14.125,,,
28/8/2018,2897.52,12.5,,,,,,,,,14.075,,,
29/8/2018,2914.04,12.25,,,,,,,,,13.925,,,
30/8/2018,2901.13,13.53,,,,,,,,,14.525,,,
31/8/2018,2901.52,12.86,,,,,,,,,14.025,,,
4/9/2018,2896.72,13.16,,,,,,,,,14.225,,,
5/9/2018,2888.60,13.91,,,,,,,,,14.575,,,
6/9/2018,2878.05,14.65,,,,,,,,,15.175,,,
7/9/2018,2871.68,14.88,,,,,,,,,15.375,,,
10/9/2018,2877.13,14.16,,,,,,,,,14.775,,,
11/9/2018,2887.89,13.22,,,,,,,,,14.225,15.125,,
12/9/2018,2888.92,13.14,,,,,,,,,14.025,15.025,,
13/9/2018,2904.18,12.37,,,,,,,,,13.375,14.625,,
14/9/2018,2904.98,12.07,,,,,,,,,12.875,14.375,,
17/9/2018,2888.80,13.68,,,,,,,,,13.575,14.975,,
18/9/2018,2904.31,12.79,,,,,,,,,12.725,14.675,,
19/9/2018,2907.95,11.75,,,,,,,,,11.94,14.275,,
20/9/2018,2930.75,11.8,,,,,,,,,,14.025,,
21/9/2018,2929.67,11.68,,,,,,,,,,14.125,,
24/9/2018,2919.37,12.2,,,,,,,,,,14.025,,
25/9/2018,2915.56,12.42,,,,,,,,,,14.075,,
26/9/2018,2905.97,12.89,,,,,,,,,,14.425,,
27/9/2018,2914.00,12.41,,,,,,,,,,14.125,,
28/9/2018,2913.98,12.12,,,,,,,,,,13.975,,
1/10/2018,2924.59,12,,,,,,,,,,13.925,,
2/10/2018,2923.43,12.05,,,,,,,,,,13.975,,
3/10/2018,2925.51,11.61,,,,,,,,,,13.775,,
4/10/2018,2901.61,14.22,,,,,,,,,,14.875,,
5/10/2018,2885.57,14.82,,,,,,,,,,15.225,,
8/10/2018,2884.43,15.69,,,,,,,,,,15.675,,
9/10/2018,2880.34,15.95,,,,,,,,,,15.975,15.925,
10/10/2018,2785.68,22.96,,,,,,,,,,20.125,18.525,
11/10/2018,2728.37,24.98,,,,,,,,,,21.175,18.525,
12/10/2018,2767.13,21.31,,,,,,,,,,19.925,18.125,
15/10/2018,2750.79,21.3,,,,,,,,,,20.125,18.525,
16/10/2018,2809.92,17.62,,,,,,,,,,17.675,17.275,
17/10/2018,2809.21,17.4,,,,,,,,,,17.23,17.125,
18/10/2018,2768.78,20.06,,,,,,,,,,,18.425,
19/10/2018,2767.78,19.89,,,,,,,,,,,18.425,
22/10/2018,2755.88,19.64,,,,,,,,,,,18.625,
23/10/2018,2740.69,20.71,,,,,,,,,,,18.825,
24/10/2018,2656.10,25.23,,,,,,,,,,,20.625,
25/10/2018,2705.57,24.22,,,,,,,,,,,20.925,
26/10/2018,2658.69,24.16,,,,,,,,,,,21.075,
29/10/2018,2641.25,24.7,,,,,,,,,,,21.525,
30/10/2018,2682.63,23.35,,,,,,,,,,,20.925,
31/10/2018,2711.74,21.23,,,,,,,,,,,20.275,
1/11/2018,2740.37,19.34,,,,,,,,,,,19.275,
2/11/2018,2723.06,19.51,,,,,,,,,,,19.575,
5/11/2018,2738.31,19.96,,,,,,,,,,,19.425,
6/11/2018,2755.45,19.91,,,,,,,,,,,18.625,
7/11/2018,2813.89,16.36,,,,,,,,,,,16.825,
8/11/2018,2806.83,16.72,,,,,,,,,,,16.975,
9/11/2018,2781.01,17.36,,,,,,,,,,,17.475,
12/11/2018,2726.22,20.45,,,,,,,,,,,19.575,
13/11/2018,2722.18,20.02,,,,,,,,,,,19.425,18.925
14/11/2018,2701.58,21.25,,,,,,,,,,,20.175,19.425
15/11/2018,2730.20,19.98,,,,,,,,,,,19.375,19.125
16/11/2018,2736.27,18.14,,,,,,,,,,,18.275,18.325
19/11/2018,2690.73,20.1,,,,,,,,,,,19.925,19.375
20/11/2018,2641.89,22.48,,,,,,,,,,,22.175,20.425
21/11/2018,2649.93,20.8,,,,,,,,,,,22.07,20.125
23/11/2018,2632.56,21.52,,,,,,,,,,,,20.475
26/11/2018,2673.45,18.9,,,,,,,,,,,,18.925
27/11/2018,2682.17,19.02,,,,,,,,,,,,18.775
28/11/2018,2743.79,18.49,,,,,,,,,,,,18.225
29/11/2018,2737.76,18.79,,,,,,,,,,,,18.375
30/11/2018,2760.17,18.07,,,,,,,,,,,,17.675
3/12/2018,2790.37,16.44,,,,,,,,,,,,16.775
4/12/2018,2700.06,20.74,,,,,,,,,,,,19.425
6/12/2018,2695.95,21.19,,,,,,,,,,,,19.925
7/12/2018,2633.08,23.23,20.675,,,,,,,,,,,21.425
10/12/2018,2637.72,22.64,20.525,,,,,,,,,,,21.325
11/12/2018,2636.78,21.76,20.475,,,,,,,,,,,21.275
12/12/2018,2651.07,21.46,20.425,,,,,,,,,,,21.075
13/12/2018,2650.54,20.65,20.225,,,,,,,,,,,20.725
14/12/2018,2599.95,21.63,20.875,,,,,,,,,,,21.725
17/12/2018,2545.94,24.52,21.675,,,,,,,,,,,23.475
18/12/2018,2546.16,25.58,21.975,,,,,,,,,,,24.675
19/12/2018,2506.96,25.58,22.325,,,,,,,,,,,26.2
20/12/2018,2467.42,28.38,22.725,,,,,,,,,,,
21/12/2018,2416.62,30.11,24.3,,,,,,,,,,,
24/12/2018,2351.10,36.07,25.9,,,,,,,,,,,
26/12/2018,2467.70,30.41,24.675,,,,,,,,,,,
27/12/2018,2488.83,29.96,25.025,,,,,,,,,,,
28/12/2018,2485.74,28.34,25.325,,,,,,,,,,,
31/12/2018,2506.85,25.42,24.175,,,,,,,,,,,
2/1/2019,2510.03,23.22,23.125,,,,,,,,,,,
3/1/2019,2447.89,25.45,24.375,,,,,,,,,,,
4/1/2019,2531.94,21.38,21.925,,,,,,,,,,,
7/1/2019,2549.69,21.4,21.425,,,,,,,,,,,
8/1/2019,2574.41,20.47,20.625,20.625,,,,,,,,,,
9/1/2019,2584.96,19.98,20.125,20.275,,,,,,,,,,
10/1/2019,2596.64,19.5,19.875,20.025,,,,,,,,,,
11/1/2019,2596.26,18.19,19.025,19.475,,,,,,,,,,
14/1/2019,2582.61,19.07,19.225,19.475,,,,,,,,,,
15/1/2019,2610.30,18.6,18.825,18.825,,,,,,,,,,
16/1/2019,2616.10,19.04,18.87,19.025,,,,,,,,,,
17/1/2019,2635.96,18.06,,18.525,,,,,,,,,,
18/1/2019,2670.71,17.8,,18.325,,,,,,,,,,
22/1/2019,2632.90,20.8,,20.175,,,,,,,,,,
23/1/2019,2638.70,19.52,,19.725,,,,,,,,,,
24/1/2019,2642.33,18.89,,19.175,,,,,,,,,,
25/1/2019,2664.76,17.42,,18.275,,,,,,,,,,
28/1/2019,2643.85,18.87,,19.125,,,,,,,,,,
29/1/2019,2640.00,19.13,,18.925,,,,,,,,,,
30/1/2019,2681.05,17.66,,17.975,,,,,,,,,,
31/1/2019,2704.10,16.57,,17.125,,,,,,,,,,
1/2/2019,2706.53,16.14,,17.025,,,,,,,,,,
4/2/2019,2724.87,15.73,,16.525,,,,,,,,,,
5/2/2019,2737.70,15.57,,16.525,16.975,,,,,,,,,
6/2/2019,2731.61,15.38,,16.375,16.825,,,,,,,,,
7/2/2019,2706.05,16.37,,17.175,17.375,,,,,,,,,
8/2/2019,2707.88,15.72,,16.625,17.075,,,,,,,,,
11/2/2019,2709.80,15.97,,16.225,16.975,,,,,,,,,
12/2/2019,2744.73,15.43,,15.625,16.725,,,,,,,,,
13/2/2019,2753.03,15.65,,15.6,16.675,,,,,,,,,
14/2/2019,2745.73,16.22,,,16.925,,,,,,,,,
15/2/2019,2775.60,14.91,,,16.325,,,,,,,,,
19/2/2019,2779.76,14.88,,,16.325,,,,,,,,,
20/2/2019,2784.70,14.02,,,15.575,,,,,,,,,
21/2/2019,2774.88,14.46,,,15.875,,,,,,,,,
22/2/2019,2792.67,13.51,,,15.175,,,,,,,,,
25/2/2019,2796.11,14.85,,,15.575,,,,,,,,,
26/2/2019,2793.90,15.17,,,15.725,,,,,,,,,
27/2/2019,2792.38,14.7,,,15.675,,,,,,,,,
28/2/2019,2784.49,14.78,,,15.575,,,,,,,,,
1/3/2019,2803.69,13.57,,,14.825,,,,,,,,,
4/3/2019,2792.81,14.63,,,15.275,,,,,,,,,
5/3/2019,2789.65,14.74,,,15.475,,,,,,,,,
6/3/2019,2771.45,15.74,,,16.075,,,,,,,,,
7/3/2019,2748.93,16.59,,,16.725,,,,,,,,,
8/3/2019,2743.07,16.05,,,16.675,,,,,,,,,
11/3/2019,2783.30,14.33,,,15.025,15.925,,,,,,,,
12/3/2019,2791.52,13.77,,,14.475,15.675,,,,,,,,
13/3/2019,2810.92,13.41,,,14.075,15.475,,,,,,,,
14/3/2019,2808.48,13.5,,,13.925,15.325,,,,,,,,
15/3/2019,2822.48,12.88,,,13.475,14.875,,,,,,,,
18/3/2019,2832.94,13.1,,,12.925,15.025,,,,,,,,
19/3/2019,2832.57,13.56,,,12.35,15.125,,,,,,,,
20/3/2019,2824.23,13.91,,,,15.325,,,,,,,,
21/3/2019,2854.88,13.63,,,,15.075,,,,,,,,
22/3/2019,2800.71,16.48,,,,16.725,,,,,,,,
25/3/2019,2798.36,16.33,,,,16.825,,,,,,,,
26/3/2019,2818.46,14.68,,,,15.925,,,,,,,,
27/3/2019,2805.37,15.15,,,,16.225,,,,,,,,
28/3/2019,2815.44,14.43,,,,15.625,,,,,,,,
29/3/2019,2834.40,13.71,,,,15.225,,,,,,,,
1/4/2019,2867.19,13.4,,,,14.875,,,,,,,,
2/4/2019,2867.24,13.36,,,,14.875,,,,,,,,
3/4/2019,2873.40,13.74,,,,14.875,,,,,,,,
4/4/2019,2879.39,13.58,,,,14.775,,,,,,,,
5/4/2019,2892.74,12.82,,,,14.325,,,,,,,,
8/4/2019,2895.77,13.18,,,,14.475,,,,,,,,
9/4/2019,2878.20,14.28,,,,15.075,16.225,,,,,,,
10/4/2019,2888.21,13.3,,,,14.425,15.775,,,,,,,
11/4/2019,2888.32,13.02,,,,13.825,15.525,,,,,,,
12/4/2019,2907.41,12.01,,,,12.775,14.775,,,,,,,
15/4/2019,2905.58,12.32,,,,12.575,14.675,,,,,,,
16/4/2019,2907.06,12.18,,,,12.575,14.625,,,,,,,
17/4/2019,2900.45,12.6,,,,11.71,14.625,,,,,,,
18/4/2019,2905.03,12.09,,,,,14.425,,,,,,,
22/4/2019,2907.97,12.42,,,,,14.175,,,,,,,
23/4/2019,2933.68,12.28,,,,,14.125,,,,,,,
24/4/2019,2927.25,13.14,,,,,14.575,,,,,,,
25/4/2019,2926.17,13.25,,,,,14.825,,,,,,,
26/4/2019,2939.88,12.73,,,,,14.325,,,,,,,
29/4/2019,2943.03,13.11,,,,,14.525,,,,,,,
30/4/2019,2945.83,13.12,,,,,14.425,,,,,,,
1/5/2019,2923.73,14.8,,,,,15.225,,,,,,,
2/5/2019,2917.52,14.42,,,,,15.175,,,,,,,
3/5/2019,2945.64,12.87,,,,,14.275,,,,,,,
6/5/2019,2932.47,15.44,,,,,15.525,,,,,,,
7/5/2019,2884.05,19.32,,,,,17.875,,,,,,,
8/5/2019,2879.42,19.4,,,,,18.175,,,,,,,
9/5/2019,2870.72,19.1,,,,,17.975,,,,,,,
10/5/2019,2881.40,16.04,,,,,16.125,,,,,,,
13/5/2019,2811.87,20.55,,,,,19.525,,,,,,,
14/5/2019,2834.41,18.06,,,,,18.125,18.075,,,,,,
15/5/2019,2850.96,16.44,,,,,16.925,17.375,,,,,,
16/5/2019,2876.32,15.29,,,,,15.725,16.775,,,,,,
17/5/2019,2859.53,15.96,,,,,15.875,17.025,,,,,,
20/5/2019,2840.23,16.31,,,,,16.125,17.175,,,,,,
21/5/2019,2864.36,14.95,,,,,15.025,16.275,,,,,,
22/5/2019,2856.27,14.75,,,,,15.01,16.225,,,,,,
23/5/2019,2822.24,16.92,,,,,,17.325,,,,,,
24/5/2019,2826.06,15.85,,,,,,16.725,,,,,,
28/5/2019,2802.39,17.5,,,,,,17.375,,,,,,
29/5/2019,2783.02,17.9,,,,,,17.775,,,,,,
30/5/2019,2788.86,17.3,,,,,,17.425,,,,,,
31/5/2019,2752.06,18.71,,,,,,18.175,,,,,,
3/6/2019,2744.45,18.86,,,,,,18.275,,,,,,
4/6/2019,2803.27,16.97,,,,,,17.225,,,,,,
5/6/2019,2826.15,16.09,,,,,,16.625,,,,,,
6/6/2019,2843.49,15.93,,,,,,16.475,,,,,,
7/6/2019,2873.34,16.3,,,,,,16.725,,,,,,
10/6/2019,2886.73,15.94,,,,,,16.375,,,,,,
11/6/2019,2885.72,15.99,,,,,,16.475,17.125,,,,,
12/6/2019,2879.84,15.91,,,,,,16.325,17.025,,,,,
13/6/2019,2891.64,15.82,,,,,,16.125,17.025,,,,,
14/6/2019,2886.98,15.28,,,,,,15.775,16.775,,,,,
17/6/2019,2889.67,15.35,,,,,,15.275,16.625,,,,,
18/6/2019,2917.75,15.15,,,,,,15.075,16.625,,,,,
19/6/2019,2926.46,14.33,,,,,,14.8,15.875,,,,,
20/6/2019,2954.18,14.75,,,,,,,16.125,,,,,
21/6/2019,2950.46,15.4,,,,,,,16.525,,,,,
24/6/2019,2945.35,15.26,,,,,,,16.275,,,,,
25/6/2019,2917.38,16.28,,,,,,,16.675,,,,,
26/6/2019,2913.78,16.21,,,,,,,16.525,,,,,
27/6/2019,2924.92,15.82,,,,,,,16.075,,,,,
28/6/2019,2941.76,15.08,,,,,,,15.525,,,,,
1/7/2019,2964.33,14.06,,,,,,,14.925,,,,,
2/7/2019,2973.01,12.93,,,,,,,14.225,,,,,
3/7/2019,2995.82,12.57,,,,,,,14.025,,,,,
5/7/2019,2990.41,13.28,,,,,,,14.325,,,,,
8/7/2019,2975.95,13.96,,,,,,,14.875,,,,,
9/7/2019,2979.63,14.09,,,,,,,14.825,16.075,,,,
10/7/2019,2993.07,13.03,,,,,,,14.025,15.575,,,,
11/7/2019,2999.91,12.93,,,,,,,13.625,15.425,,,,
12/7/2019,3013.77,12.39,,,,,,,13.125,15.225,,,,
15/7/2019,3014.30,12.68,,,,,,,12.875,15.225,,,,
16/7/2019,3004.04,12.86,,,,,,,12.775,15.325,,,,
17/7/2019,2984.42,13.97,,,,,,,12.69,15.725,,,,
18/7/2019,2995.11,13.53,,,,,,,,15.325,,,,
19/7/2019,2976.61,14.45,,,,,,,,15.875,,,,
22/7/2019,2985.03,13.53,,,,,,,,15.175,,,,
23/7/2019,3005.47,12.61,,,,,,,,14.775,,,,
24/7/2019,3019.56,12.07,,,,,,,,14.375,,,,
25/7/2019,3003.67,12.74,,,,,,,,14.675,,,,
26/7/2019,3025.86,12.16,,,,,,,,14.375,,,,
29/7/2019,3020.97,12.83,,,,,,,,14.475,,,,
30/7/2019,3013.18,13.94,,,,,,,,15.075,,,,
31/7/2019,2980.38,16.12,,,,,,,,16.075,,,,
1/8/2019,2953.56,17.87,,,,,,,,17.475,,,,
2/8/2019,2932.05,17.61,,,,,,,,17.475,,,,
5/8/2019,2844.74,24.59,,,,,,,,21.625,,,,
6/8/2019,2881.77,20.17,,,,,,,,19.675,,,,
7/8/2019,2883.98,19.49,,,,,,,,19.375,,,,
8/8/2019,2938.09,16.91,,,,,,,,17.725,,,,
9/8/2019,2918.65,17.97,,,,,,,,18.475,,,,
12/8/2019,2883.75,21.09,,,,,,,,20.775,,,,
13/8/2019,2926.32,17.52,,,,,,,,18.125,18.475,,,
14/8/2019,2840.60,22.1,,,,,,,,21.425,20.425,,,
15/8/2019,2847.60,21.18,,,,,,,,21.175,20.475,,,
16/8/2019,2888.68,18.47,,,,,,,,18.775,19.325,,,
19/8/2019,2923.65,16.88,,,,,,,,16.825,18.075,,,
20/8/2019,2900.51,17.5,,,,,,,,17.225,18.475,,,
21/8/2019,2924.43,15.8,,,,,,,,15.63,17.375,,,
22/8/2019,2922.95,16.68,,,,,,,,,17.875,,,
23/8/2019,2847.11,19.87,,,,,,,,,19.675,,,
26/8/2019,2878.38,19.32,,,,,,,,,19.425,,,
27/8/2019,2869.16,20.31,,,,,,,,,20.125,,,
28/8/2019,2887.94,19.35,,,,,,,,,19.375,,,
29/8/2019,2924.58,17.88,,,,,,,,,18.475,,,
30/8/2019,2926.46,18.98,,,,,,,,,18.825,,,
3/9/2019,2906.27,19.66,,,,,,,,,19.525,,,
4/9/2019,2937.78,17.33,,,,,,,,,18.075,,,
5/9/2019,2976.00,16.27,,,,,,,,,17.275,,,
6/9/2019,2978.71,15,,,,,,,,,16.525,,,
9/9/2019,2978.43,15.27,,,,,,,,,16.425,,,
10/9/2019,2979.39,15.2,,,,,,,,,16.225,17.675,,
11/9/2019,3000.93,14.61,,,,,,,,,15.725,17.325,,
12/9/2019,3009.57,14.22,,,,,,,,,14.975,17.025,,
13/9/2019,3007.39,13.74,,,,,,,,,14.475,16.875,,
16/9/2019,2997.96,14.67,,,,,,,,,14.625,17.275,,
17/9/2019,3005.70,14.44,,,,,,,,,14.525,17.075,,
18/9/2019,3006.73,13.95,,,,,,,,,14.54,16.375,,
19/9/2019,3006.79,14.05,,,,,,,,,,16.225,,
20/9/2019,2992.07,15.32,,,,,,,,,,17.225,,
23/9/2019,2991.78,14.91,,,,,,,,,,16.725,,
24/9/2019,2966.60,17.05,,,,,,,,,,17.875,,
25/9/2019,2984.87,15.96,,,,,,,,,,17.225,,
26/9/2019,2977.62,16.07,,,,,,,,,,17.425,,
27/9/2019,2961.79,17.22,,,,,,,,,,18.025,,
30/9/2019,2976.74,16.24,,,,,,,,,,17.125,,
1/10/2019,2940.25,18.56,,,,,,,,,,18.575,,
2/10/2019,2887.61,20.56,,,,,,,,,,20.075,,
3/10/2019,2910.63,19.12,,,,,,,,,,18.975,,
4/10/2019,2952.01,17.04,,,,,,,,,,17.625,,
7/10/2019,2938.79,17.86,,,,,,,,,,17.975,,
8/10/2019,2893.06,20.28,,,,,,,,,,20.075,19.975,
9/10/2019,2919.40,18.64,,,,,,,,,,18.575,19.275,
10/10/2019,2938.13,17.57,,,,,,,,,,17.625,18.825,
11/10/2019,2970.27,15.58,,,,,,,,,,15.825,18.075,
14/10/2019,2966.15,14.57,,,,,,,,,,14.525,17.325,
15/10/2019,2995.68,13.54,,,,,,,,,,13.625,16.875,
16/10/2019,2989.69,13.68,,,,,,,,,,13.78,16.725,
17/10/2019,2997.95,13.79,,,,,,,,,,,16.575,
18/10/2019,2986.20,14.25,,,,,,,,,,,16.675,
21/10/2019,3006.72,14,,,,,,,,,,,16.075,
22/10/2019,2995.99,14.46,,,,,,,,,,,16.475,
23/10/2019,3004.52,14.01,,,,,,,,,,,16.175,
24/10/2019,3010.29,13.71,,,,,,,,,,,16.025,
25/10/2019,3022.55,12.65,,,,,,,,,,,15.425,
28/10/2019,3039.42,13.11,,,,,,,,,,,15.625,
29/10/2019,3036.89,13.2,,,,,,,,,,,15.475,
30/10/2019,3046.77,12.33,,,,,,,,,,,14.975,
31/10/2019,3037.56,13.22,,,,,,,,,,,15.275,
1/11/2019,3066.91,12.3,,,,,,,,,,,14.575,
4/11/2019,3078.27,12.83,,,,,,,,,,,14.725,
5/11/2019,3074.62,13.1,,,,,,,,,,,15.025,
6/11/2019,3076.78,12.62,,,,,,,,,,,14.775,
7/11/2019,3085.18,12.73,,,,,,,,,,,14.625,
8/11/2019,3093.08,12.07,,,,,,,,,,,14.275,
11/11/2019,3087.01,12.69,,,,,,,,,,,14.075,
12/11/2019,3091.84,12.68,,,,,,,,,,,13.875,15.825
13/11/2019,3094.04,13,,,,,,,,,,,13.975,15.825
14/11/2019,3096.63,13.05,,,,,,,,,,,13.725,15.625
15/11/2019,3120.46,12.05,,,,,,,,,,,12.975,15.125
18/11/2019,3122.03,12.46,,,,,,,,,,,12.675,15.025
19/11/2019,3120.18,12.86,,,,,,,,,,,13.075,15.225
20/11/2019,3108.46,12.78,,,,,,,,,,,13.01,15.175
21/11/2019,3103.54,13.13,,,,,,,,,,,,15.325
22/11/2019,3110.29,12.34,,,,,,,,,,,,14.775
25/11/2019,3133.64,11.87,,,,,,,,,,,,14.075
26/11/2019,3140.52,11.54,,,,,,,,,,,,13.875
27/11/2019,3153.63,11.75,,,,,,,,,,,,13.825
29/11/2019,3140.98,12.62,,,,,,,,,,,,14.125
2/12/2019,3113.87,14.91,,,,,,,,,,,,15.225
3/12/2019,3093.20,15.96,,,,,,,,,,,,16.225
4/12/2019,3112.76,14.8,,,,,,,,,,,,15.325
5/12/2019,3117.43,14.52,16.775,,,,,,,,,,,15.025
6/12/2019,3145.91,13.62,16.375,,,,,,,,,,,14.425
9/12/2019,3135.96,15.86,17.125,,,,,,,,,,,15.625
10/12/2019,3132.52,15.68,16.875,,,,,,,,,,,15.275
11/12/2019,3141.63,14.99,16.575,,,,,,,,,,,14.775
12/12/2019,3168.57,13.94,15.925,,,,,,,,,,,13.625
13/12/2019,3168.80,12.63,15.175,,,,,,,,,,,12.575
16/12/2019,3191.45,12.14,14.825,,,,,,,,,,,12.225
17/12/2019,3192.52,12.29,14.875,,,,,,,,,,,12.475
18/12/2019,3191.14,12.58,14.825,,,,,,,,,,,11.99
19/12/2019,3205.37,12.5,14.625,,,,,,,,,,,
20/12/2019,3221.22,12.51,14.775,,,,,,,,,,,
23/12/2019,3224.01,12.61,14.775,,,,,,,,,,,
24/12/2019,3223.38,12.67,14.525,,,,,,,,,,,
26/12/2019,3239.91,12.65,14.525,,,,,,,,,,,
27/12/2019,3240.02,13.43,15.125,,,,,,,,,,,
30/12/2019,3221.29,14.82,15.525,,,,,,,,,,,
31/12/2019,3230.78,13.78,14.625,,,,,,,,,,,
2/1/2020,3257.85,12.47,14.075,,,,,,,,,,,
3/1/2020,3234.85,14.02,15.025,,,,,,,,,,,
6/1/2020,3246.28,13.85,14.875,,,,,,,,,,,
7/1/2020,3237.18,13.79,14.675,,,,,,,,,,,
8/1/2020,3253.05,13.45,14.175,,,,,,,,,,,
9/1/2020,3274.70,12.54,13.625,,,,,,,,,,,
10/1/2020,3265.35,12.56,13.575,,,,,,,,,,,
13/1/2020,3288.13,12.32,13.175,15.375,,,,,,,,,,
14/1/2020,3283.15,12.39,13.075,15.225,,,,,,,,,,
15/1/2020,3289.29,12.42,12.925,15.175,,,,,,,,,,
16/1/2020,3316.81,12.32,12.575,14.925,,,,,,,,,,
17/1/2020,3329.62,12.1,12.525,14.925,,,,,,,,,,
21/1/2020,3320.79,12.85,12.925,15.075,,,,,,,,,,
22/1/2020,3321.75,12.91,12.62,15.175,,,,,,,,,,
23/1/2020,3325.54,12.98,,15.025,,,,,,,,,,
24/1/2020,3295.47,14.56,,16.025,,,,,,,,,,
27/1/2020,3243.63,18.23,,17.775,,,,,,,,,,
28/1/2020,3276.24,16.28,,16.675,,,,,,,,,,
29/1/2020,3273.40,16.39,,16.675,,,,,,,,,,
30/1/2020,3283.66,15.49,,16.075,,,,,,,,,,
31/1/2020,3225.52,18.84,,18.225,,,,,,,,,,
3/2/2020,3248.92,17.97,,17.975,,,,,,,,,,
4/2/2020,3297.59,16.05,,16.525,,,,,,,,,,
5/2/2020,3334.69,15.15,,15.725,,,,,,,,,,
6/2/2020,3345.78,14.96,,15.575,,,,,,,,,,
7/2/2020,3327.71,15.47,,16.025,,,,,,,,,,
10/2/2020,3352.09,15.04,,15.625,15.975,,,,,,,,,
11/2/2020,3357.75,15.18,,15.625,15.925,,,,,,,,,
12/2/2020,3379.45,13.74,,14.475,15.325,,,,,,,,,
13/2/2020,3373.94,14.15,,14.825,15.575,,,,,,,,,
14/2/2020,3380.16,13.68,,14.425,15.425,,,,,,,,,
18/2/2020,3370.29,14.83,,14.875,15.825,,,,,,,,,
19/2/2020,3386.15,14.38,,14.51,15.375,,,,,,,,,
20/2/2020,3373.23,15.56,,,16.075,,,,,,,,,
21/2/2020,3337.75,17.08,,,16.925,,,,,,,,,
24/2/2020,3225.89,25.03,,,20.075,,,,,,,,,
25/2/2020,3128.21,27.85,,,22.225,,,,,,,,,
26/2/2020,3116.39,27.56,,,22.325,,,,,,,,,
27/2/2020,2978.76,39.16,,,26.275,,,,,,,,,
28/2/2020,2954.22,40.11,,,26.325,,,,,,,,,
2/3/2020,3090.23,33.42,,,26.275,,,,,,,,,
3/3/2020,3003.37,36.82,,,29.175,,,,,,,,,
4/3/2020,3130.12,31.99,,,27.425,,,,,,,,,
5/3/2020,3023.94,39.62,,,31.875,,,,,,,,,
6/3/2020,2972.37,41.94,,,35.775,,,,,,,,,
9/3/2020,2746.56,54.46,,,44.375,,,,,,,,,
10/3/2020,2882.23,47.3,,,41.825,34.775,,,,,,,,
11/3/2020,2741.38,53.9,,,46.35,38.575,,,,,,,,
12/3/2020,2480.64,75.47,,,58.3,45.825,,,,,,,,
13/3/2020,2711.02,57.83,,,53.425,43.9,,,,,,,,
16/3/2020,2386.13,82.69,,,72.625,59.15,,,,,,,,
17/3/2020,2529.19,75.91,,,68.825,61.425,,,,,,,,
18/3/2020,2398.10,76.45,,,69.76,70.475,,,,,,,,
19/3/2020,2409.39,72,,,,66.3,,,,,,,,
20/3/2020,2304.92,66.04,,,,61.525,,,,,,,,
23/3/2020,2237.40,61.59,,,,49.45,,,,,,,,
24/3/2020,2447.33,61.67,,,,48.25,,,,,,,,
25/3/2020,2475.56,63.95,,,,51.275,,,,,,,,
26/3/2020,2630.07,61,,,,45.875,,,,,,,,
27/3/2020,2541.47,65.54,,,,53.425,,,,,,,,
30/3/2020,2626.65,57.08,,,,49.775,,,,,,,,
31/3/2020,2584.59,53.54,,,,46.775,,,,,,,,
1/4/2020,2470.50,57.06,,,,51.325,,,,,,,,
2/4/2020,2526.90,50.91,,,,47.175,,,,,,,,
3/4/2020,2488.65,46.8,,,,44.925,,,,,,,,
6/4/2020,2663.68,45.24,,,,41.775,37.925,,,,,,,
7/4/2020,2659.41,46.7,,,,44.025,39.675,,,,,,,
8/4/2020,2749.98,43.35,,,,42.375,38.3,,,,,,,
9/4/2020,2789.82,41.67,,,,41.275,36.925,,,,,,,
13/4/2020,2761.63,41.17,,,,40.575,36.125,,,,,,,
14/4/2020,2846.06,37.76,,,,37.875,32.975,,,,,,,
15/4/2020,2783.36,40.84,,,,42.51,36.575,,,,,,,
16/4/2020,2799.55,40.11,,,,,36.525,,,,,,,
17/4/2020,2874.56,38.15,,,,,34.575,,,,,,,
20/4/2020,2823.16,43.83,,,,,39.075,,,,,,,
21/4/2020,2736.56,45.41,,,,,41.775,,,,,,,
22/4/2020,2799.31,41.98,,,,,39.625,,,,,,,
23/4/2020,2797.80,41.38,,,,,39.725,,,,,,,
24/4/2020,2836.74,35.93,,,,,36.775,,,,,,,
27/4/2020,2878.48,33.29,,,,,33.875,,,,,,,
28/4/2020,2863.39,33.57,,,,,34.175,,,,,,,
29/4/2020,2939.51,31.23,,,,,31.925,,,,,,,
30/4/2020,2912.43,34.15,,,,,33.975,,,,,,,
1/5/2020,2830.71,37.19,,,,,37.35,,,,,,,
4/5/2020,2842.74,35.97,,,,,35.675,,,,,,,
5/5/2020,2868.44,33.61,,,,,34.025,,,,,,,
6/5/2020,2848.42,34.12,,,,,34.775,,,,,,,
7/5/2020,2881.19,31.44,,,,,32.125,,,,,,,
8/5/2020,2929.80,27.98,,,,,29.325,,,,,,,
11/5/2020,2930.32,27.57,,,,,27.825,,,,,,,
12/5/2020,2870.12,33.04,,,,,33.075,32.925,,,,,,
13/5/2020,2820.00,35.28,,,,,35.075,34.925,,,,,,
14/5/2020,2852.50,32.61,,,,,32.375,32.925,,,,,,
15/5/2020,2863.70,31.89,,,,,32.125,32.725,,,,,,
18/5/2020,2953.91,29.3,,,,,28.925,30.1,,,,,,
19/5/2020,2922.94,30.53,,,,,30.75,32.075,,,,,,
20/5/2020,2971.61,27.99,,,,,28.11,29.775,,,,,,
21/5/2020,2948.51,29.53,,,,,,31.025,,,,,,
22/5/2020,2955.45,28.16,,,,,,30.375,,,,,,
26/5/2020,2991.77,28.01,,,,,,29.625,,,,,,
27/5/2020,3036.13,27.62,,,,,,29.075,,,,,,
28/5/2020,3029.73,28.59,,,,,,30.325,,,,,,
29/5/2020,3044.31,27.51,,,,,,28.825,,,,,,
1/6/2020,3055.73,28.23,,,,,,29.525,,,,,,
2/6/2020,3080.82,26.84,,,,,,28.225,,,,,,
3/6/2020,3122.87,25.66,,,,,,27,,,,,,
4/6/2020,3112.35,25.81,,,,,,26.725,,,,,,
5/6/2020,3193.93,24.52,,,,,,25.325,,,,,,
8/6/2020,3232.39,25.81,,,,,,26.025,,,,,,
9/6/2020,3207.18,27.57,,,,,,27.625,29.575,,,,,
10/6/2020,3190.14,27.57,,,,,,27.475,29.025,,,,,
11/6/2020,3002.10,40.79,,,,,,40.625,39.675,,,,,
12/6/2020,3041.31,36.09,,,,,,35.075,34.825,,,,,
15/6/2020,3066.59,34.4,,,,,,33.9,34.075,,,,,
16/6/2020,3124.74,33.67,,,,,,33.1,33.625,,,,,
17/6/2020,3113.49,33.47,,,,,,33.44,33.625,,,,,
18/6/2020,3115.34,32.94,,,,,,,33.575,,,,,
19/6/2020,3097.74,35.12,,,,,,,35.275,,,,,
22/6/2020,3117.86,31.77,,,,,,,31.625,,,,,
23/6/2020,3131.29,31.37,,,,,,,31.925,,,,,
24/6/2020,3050.33,33.84,,,,,,,33.575,,,,,
25/6/2020,3083.76,32.22,,,,,,,32.175,,,,,
26/6/2020,3009.05,34.73,,,,,,,34.525,,,,,
29/6/2020,3053.24,31.78,,,,,,,32.325,,,,,
30/6/2020,3100.29,30.43,,,,,,,30.875,,,,,
1/7/2020,3115.86,28.62,,,,,,,29.825,,,,,
2/7/2020,3130.01,27.68,,,,,,,29.075,,,,,
6/7/2020,3179.72,27.94,,,,,,,29.25,,,,,
7/7/2020,3145.32,29.43,,,,,,,30.575,,,,,
8/7/2020,3169.94,28.08,,,,,,,29.525,,,,,
9/7/2020,3152.05,29.26,,,,,,,30.225,,,,,
10/7/2020,3185.04,27.29,,,,,,,28.775,,,,,
13/7/2020,3155.22,32.19,,,,,,,31.825,,,,,
14/7/2020,3197.52,29.52,,,,,,,29.625,31.275,,,,
15/7/2020,3226.56,27.76,,,,,,,28.325,30.375,,,,
16/7/2020,3215.57,28,,,,,,,28.125,30.275,,,,
17/7/2020,3224.73,25.68,,,,,,,26.425,28.975,,,,
20/7/2020,3251.84,24.46,,,,,,,24.725,27.525,,,,
21/7/2020,3257.30,24.84,,,,,,,24.775,27.825,,,,
22/7/2020,3276.02,24.32,,,,,,,25.45,27.25,,,,
23/7/2020,3235.66,26.08,,,,,,,,28.775,,,,
24/7/2020,3215.63,25.84,,,,,,,,28.725,,,,
27/7/2020,3239.41,24.74,,,,,,,,27.525,,,,
28/7/2020,3218.44,25.44,,,,,,,,27.525,,,,
29/7/2020,3258.44,24.1,,,,,,,,26.775,,,,
30/7/2020,3246.22,24.76,,,,,,,,27.175,,,,
31/7/2020,3271.12,24.46,,,,,,,,26.825,,,,
3/8/2020,3294.61,24.28,,,,,,,,26.775,,,,
4/8/2020,3306.51,23.76,,,,,,,,25.875,,,,
5/8/2020,3327.77,22.99,,,,,,,,25.325,,,,
6/8/2020,3349.16,22.65,,,,,,,,24.875,,,,
7/8/2020,3351.28,22.21,,,,,,,,24.625,,,, 
10/8/2020,3360.47,22.13,,,,,,,,23.775,27.125,,,
11/8/2020,3333.69,24.03,,,,,,,,24.925,28.175,,,
12/8/2020,3380.35,22.28,,,,,,,,23.275,26.875,,,
13/8/2020,3373.43,22.13,,,,,,,,23.225,26.825,,,
14/8/2020,3372.85,22.05,,,,,,,,23.275,26.975,,,
17/8/2020,3381.99,21.35,,,,,,,,21.775,25.825,,,
18/8/2020,3389.78,21.51,,,,,,,,21.775,25.475,,,
19/8/2020,3374.85,22.54,,,,,,,,21.71,26.225,,,
20/8/2020,3385.51,22.72,,,,,,,,,25.875,,,
21/8/2020,3397.16,22.54,,,,,,,,,25.925,,,
24/8/2020,3431.28,22.37,,,,,,,,,25.825,,,
25/8/2020,3443.62,22.03,,,,,,,,,25.475,,,
26/8/2020,3478.73,23.27,,,,,,,,,26.075,,,
27/8/2020,3484.55,24.47,,,,,,,,,27.025,,,
28/8/2020,3508.01,22.96,,,,,,,,,26.95,,,
31/8/2020,3500.31,26.41,,,,,,,,,27.875,,,
1/9/2020,3526.65,26.12,,,,,,,,,28.325,,,
2/9/2020,3580.84,26.57,,,,,,,,,28.875,,,
3/9/2020,3455.06,33.6,,,,,,,,,33.875,,,
4/9/2020,3426.96,30.75,,,,,,,,,29.65,,,
8/9/2020,3331.84,31.46,,,,,,,,,30.225,34.625,,
9/9/2020,3398.96,28.81,,,,,,,,,28.375,33.225,,
10/9/2020,3339.19,29.71,,,,,,,,,28.775,32.675,,
11/9/2020,3340.97,26.87,,,,,,,,,26.325,31.875,,
14/9/2020,3383.54,25.85,,,,,,,,,25.725,31.375,,
15/9/2020,3401.20,25.59,,,,,,,,,25.375,30.425,,
16/9/2020,3385.49,26.04,,,,,,,,,26.12,30.525,,
17/9/2020,3357.01,26.46,,,,,,,,,,29.825,,
18/9/2020,3319.47,25.83,,,,,,,,,,30.075,,
21/9/2020,3281.06,27.78,,,,,,,,,,31.225,,
22/9/2020,3315.57,26.86,,,,,,,,,,31.375,,
23/9/2020,3236.92,28.58,,,,,,,,,,32.475,,
24/9/2020,3246.59,28.51,,,,,,,,,,32.225,,
25/9/2020,3298.46,26.38,,,,,,,,,,31.225,,
28/9/2020,3351.60,26.19,,,,,,,,,,30.825,,
29/9/2020,3335.47,26.27,,,,,,,,,,29.775,,
30/9/2020,3363.00,26.37,,,,,,,,,,30.375,,
1/10/2020,3380.80,26.7,,,,,,,,,,30.675,,
2/10/2020,3348.44,27.63,,,,,,,,,,32.075,,
5/10/2020,3408.63,27.96,,,,,,,,,,30.825,,
6/10/2020,3360.95,29.48,,,,,,,,,,31.225,,
7/10/2020,3419.45,28.06,,,,,,,,,,30.025,,
8/10/2020,3446.83,26.36,,,,,,,,,,28.125,,
9/10/2020,3477.13,25,,,,,,,,,,26.875,,
12/10/2020,3534.22,25.07,,,,,,,,,,26.325,,
13/10/2020,3511.93,26.07,,,,,,,,,,26.775,28.575,
14/10/2020,3488.67,26.4,,,,,,,,,,27.075,28.2,
15/10/2020,3483.34,26.97,,,,,,,,,,27.575,28.875,
16/10/2020,3483.81,27.41,,,,,,,,,,27.875,29.025,
19/10/2020,3426.92,29.18,,,,,,,,,,29.175,30.225,
20/10/2020,3443.12,29.35,,,,,,,,,,29.275,29.975,
21/10/2020,3435.56,28.65,,,,,,,,,,29.07,29.225,
22/10/2020,3453.49,28.11,,,,,,,,,,,28.825,
23/10/2020,3465.39,27.55,,,,,,,,,,,28.775,
26/10/2020,3400.97,32.46,,,,,,,,,,,31.325,
27/10/2020,3390.68,33.35,,,,,,,,,,,31.325,
28/10/2020,3271.03,40.28,,,,,,,,,,,36,
29/10/2020,3310.11,37.59,,,,,,,,,,,33.125,
30/10/2020,3269.96,38.02,,,,,,,,,,,34.1,
2/11/2020,3310.24,37.13,,,,,,,,,,,33.375,
3/11/2020,3369.16,35.55,,,,,,,,,,,31.425,
4/11/2020,3443.44,29.57,,,,,,,,,,,28.375,
5/11/2020,3510.45,27.58,,,,,,,,,,,27.775,
6/11/2020,3509.44,24.86,,,,,,,,,,,25.475,
9/11/2020,3550.50,25.75,,,,,,,,,,,25.575,
10/11/2020,3545.53,24.8,,,,,,,,,,,24.675,25.425
11/11/2020,3572.66,23.45,,,,,,,,,,,23.825,24.975
12/11/2020,3537.01,25.35,,,,,,,,,,,25.875,26.575
13/11/2020,3585.15,23.1,,,,,,,,,,,23.325,25.075
16/11/2020,3626.91,22.45,,,,,,,,,,,22.925,24.525
17/11/2020,3609.53,22.71,,,,,,,,,,,22.975,24.025
18/11/2020,3567.79,23.84,,,,,,,,,,,22.41,24.875
19/11/2020,3581.87,23.11,,,,,,,,,,,,24.475
20/11/2020,3557.54,23.7,,,,,,,,,,,,24.375
23/11/2020,3577.59,22.66,,,,,,,,,,,,24.1
24/11/2020,3635.41,21.64,,,,,,,,,,,,23.6
25/11/2020,3629.65,21.25,,,,,,,,,,,,22.625
27/11/2020,3638.35,20.84,,,,,,,,,,,,22.825
30/11/2020,3621.63,20.57,,,,,,,,,,,,22.375
1/12/2020,3662.45,20.77,,,,,,,,,,,,22.825
2/12/2020,3669.01,21.17,,,,,,,,,,,,22.675
3/12/2020,3666.72,21.28,,,,,,,,,,,,22.975
4/12/2020,3699.12,20.79,,,,,,,,,,,,22.475
7/12/2020,3691.96,21.3,,,,,,,,,,,,22.475
8/12/2020,3702.25,20.68,23.625,,,,,,,,,,,21.375
9/12/2020,3672.82,22.27,24.375,,,,,,,,,,,22.525
10/12/2020,3668.10,22.52,24.675,,,,,,,,,,,22.525
11/12/2020,3663.46,23.31,25.575,,,,,,,,,,,23.625
14/12/2020,3647.49,24.72,26.125,,,,,,,,,,,24.275
15/12/2020,3694.62,22.89,24.975,,,,,,,,,,,22.875
16/12/2020,3701.17,22.5,24.1,,,,,,,,,,,23.35
17/12/2020,3722.48,21.93,23.825,,,,,,,,,,,
18/12/2020,3709.41,21.57,24.175,,,,,,,,,,,
21/12/2020,3694.92,25.16,26.325,,,,,,,,,,,
22/12/2020,3687.26,24.23,25.775,,,,,,,,,,,
23/12/2020,3690.01,23.31,24.625,,,,,,,,,,,
24/12/2020,3703.06,21.53,23.825,,,,,,,,,,,
28/12/2020,3735.36,21.7,23.675,,,,,,,,,,,
29/12/2020,3727.04,23.08,24.625,,,,,,,,,,,
30/12/2020,3732.04,22.77,23.675,,,,,,,,,,,
31/12/2020,3756.07,22.75,23.675,,,,,,,,,,,
4/1/2021,3700.65,26.97,26.275,,,,,,,,,,,
5/1/2021,3726.86,25.34,25.325,,,,,,,,,,,
6/1/2021,3748.14,25.07,25.125,,,,,,,,,,,
7/1/2021,3803.79,22.37,23.225,,,,,,,,,,,
8/1/2021,3824.68,21.56,22.775,,,,,,,,,,,
11/1/2021,3799.61,24.08,24.475,26.175,,,,,,,,,,
12/1/2021,3801.19,23.33,23.325,25.425,,,,,,,,,,
13/1/2021,3809.84,22.21,22.675,25.075,,,,,,,,,,
14/1/2021,3795.54,23.25,23.175,25.325,,,,,,,,,,
15/1/2021,3768.25,24.34,23.775,25.975,,,,,,,,,,
19/1/2021,3798.91,23.24,23.225,25.225,,,,,,,,,,
20/1/2021,3851.85,21.58,22.59,24.775,,,,,,,,,,
21/1/2021,3853.07,21.32,,24.525,,,,,,,,,,
22/1/2021,3841.47,21.91,,24.875,,,,,,,,,,
25/1/2021,3855.36,23.19,,25.9535,,,,,,,,,,
26/1/2021,3849.62,23.02,,25.4095,,,,,,,,,,
27/1/2021,3750.77,37.21,,31.5342,,,,,,,,,,
28/1/2021,3787.38,30.21,,30.3946,,,,,,,,,,
29/1/2021,3714.24,33.09,,32.3859,,,,,,,,,,
1/2/2021,3773.86,30.24,,30.3302,,,,,,,,,,
2/2/2021,3826.31,25.56,,27.5781,,,,,,,,,,
3/2/2021,3830.17,22.91,,25.7794,,,,,,,,,,
4/2/2021,3871.74,21.77,,24.2274,,,,,,,,,,
5/2/2021,3886.83,20.87,,24.0993,,,,,,,,,,
8/2/2021,3915.59,21.24,,23.8379,26.5484,,,,,,,,,
9/2/2021,3911.23,21.63,,23.7021,26.6863,,,,,,,,,
10/2/2021,3909.88,21.99,,23.7413,27.2855,,,,,,,,,
11/2/2021,3916.38,21.25,,22.71,26.692,,,,,,,,,
12/2/2021,3934.83,19.97,,21.3594,25.8785,,,,,,,,,
16/2/2021,3932.59,21.46,,21.2418,26.1251,,,,,,,,,
17/2/2021,3931.33,21.5,,22.81,25.6,,,,,,,,,
18/2/2021,3913.97,22.49,,,25.8017,,,,,,,,,
19/2/2021,3906.71,22.05,,,24.7988,,,,,,,,,
22/2/2021,3876.50,23.45,,,25.9031,,,,,,,,,
23/2/2021,3881.37,23.11,,,24.748,,,,,,,,,
24/2/2021,3925.43,21.34,,,23.7595,,,,,,,,,
25/2/2021,3829.34,28.89,,,28.215,,,,,,,,,
26/2/2021,3811.15,27.95,,,26.7444,,,,,,,,,
1/3/2021,3901.82,23.35,,,24.6158,,,,,,,,,
2/3/2021,3870.29,24.1,,,24.765,,,,,,,,,
3/3/2021,3819.72,26.67,,,26.1275,,,,,,,,,
4/3/2021,3768.47,28.57,,,27.521,,,,,,,,,
5/3/2021,3841.94,24.66,,,25.0507,,,,,,,,,
8/3/2021,3821.35,25.47,,,25.3667,,,,,,,,,
9/3/2021,3875.44,24.03,,,23.9726,26.7188,,,,,,,,
10/3/2021,3898.81,22.56,,,23.5048,26.4616,,,,,,,,
11/3/2021,3939.34,21.91,,,22.8882,25.8013,,,,,,,,
12/3/2021,3943.34,20.69,,,21.9778,25.4109,,,,,,,,
15/3/2021,3968.94,20.03,,,20.1006,23.9781,,,,,,,,
16/3/2021,3962.71,19.79,,,19.9204,24.047,,,,,,,,
17/3/2021,3974.12,19.23,,,20.8,23.0025,,,,,,,,
18/3/2021,3915.46,21.58,,,,24.3001,,,,,,,,
19/3/2021,3913.10,20.95,,,,23.315,,,,,,,,
22/3/2021,3940.59,18.88,,,,21.731,,,,,,,,
23/3/2021,3910.52,20.3,,,,22.833,,,,,,,,
24/3/2021,3889.14,21.2,,,,22.9775,,,,,,,,
25/3/2021,3909.52,19.81,,,,22.3056,,,,,,,,
26/3/2021,3974.54,18.86,,,,21.3859,,,,,,,,
29/3/2021,3971.09,20.74,,,,22.0032,,,,,,,,
30/3/2021,3958.55,19.61,,,,21.0321,,,,,,,,
31/3/2021,3972.89,19.4,,,,20.734,,,,,,,,
1/4/2021,4019.87,17.33,,,,20.0824,,,,,,,,
5/4/2021,4077.91,17.91,,,,19.5423,,,,,,,,
6/4/2021,4073.94,18.12,,,,19.561,,,,,,,,
7/4/2021,4079.95,17.16,,,,18.986,,,,,,,,
8/4/2021,4097.17,16.95,,,,18.4887,,,,,,,,
9/4/2021,4128.80,16.69,,,,18.1505,,,,,,,,
12/4/2021,4127.99,16.91,,,,18.0039,,,,,,,,
13/4/2021,4141.59,16.65,,,,17.6781,20.4734,,,,,,,
14/4/2021,4124.66,16.99,,,,18.0989,20.9333,,,,,,,
15/4/2021,4170.42,16.57,,,,17.1523,20.2942,,,,,,,
16/4/2021,4185.47,16.25,,,,17.0019,19.955,,,,,,,
19/4/2021,4163.26,17.29,,,,17.657,20.7006,,,,,,,
20/4/2021,4134.94,18.68,,,,18.6526,21.0528,,,,,,,
21/4/2021,4173.42,17.5,,,,19.28,19.9955,,,,,,,
22/4/2021,4134.98,18.71,,,,,21.1658,,,,,,,
23/4/2021,4180.17,17.33,,,,,20.4318,,,,,,,
26/4/2021,4187.62,17.64,,,,,20.2051,,,,,,,
27/4/2021,4186.72,17.56,,,,,19.7093,,,,,,,
28/4/2021,4183.18,17.28,,,,,19.6632,,,,,,,
29/4/2021,4211.47,17.61,,,,,19.5684,,,,,,,
30/4/2021,4181.17,18.61,,,,,20.438,,,,,,,
3/5/2021,4192.66,18.31,,,,,19.7324,,,,,,,
4/5/2021,4164.66,19.48,,,,,20.5493,,,,,,,
5/5/2021,4167.59,19.15,,,,,19.9784,,,,,,,
6/5/2021,4201.62,18.39,,,,,19.6892,,,,,,,
7/5/2021,4232.60,16.69,,,,,18.2917,,,,,,,
10/5/2021,4188.43,19.66,,,,,19.4819,,,,,,,
11/5/2021,4152.10,21.84,,,,,21.2388,22.8487,,,,,,
12/5/2021,4063.04,27.59,,,,,25.9725,26.4334,,,,,,
13/5/2021,4112.50,23.13,,,,,22.6932,24.0809,,,,,,
14/5/2021,4173.85,18.81,,,,,19.1312,21.3668,,,,,,
17/5/2021,4163.29,19.72,,,,,19.9063,22.1144,,,,,,
18/5/2021,4127.83,21.34,,,,,21.1438,22.3794,,,,,,
19/5/2021,4115.68,22.18,,,,,25.21,23.3861,,,,,,
20/5/2021,4159.12,20.67,,,,,,22.1031,,,,,,
21/5/2021,4155.86,20.15,,,,,,21.8453,,,,,,
24/5/2021,4197.05,18.4,,,,,,20.7569,,,,,,
25/5/2021,4188.13,18.84,,,,,,20.7012,,,,,,
26/5/2021,4195.99,17.36,,,,,,19.6232,,,,,,
27/5/2021,4200.88,16.74,,,,,,18.5669,,,,,,
28/5/2021,4204.11,16.76,,,,,,19.1343,,,,,,
1/6/2021,4202.04,17.9,,,,,,19.5551,,,,,,
2/6/2021,4208.12,17.48,,,,,,18.9248,,,,,,
3/6/2021,4192.85,18.04,,,,,,19.2865,,,,,,
4/6/2021,4229.89,16.42,,,,,,18.1246,,,,,,
7/6/2021,4226.52,16.42,,,,,,17.6359,,,,,,
8/6/2021,4227.26,17.07,,,,,,17.9012,20.2319,,,,,
9/6/2021,4219.55,17.89,,,,,,18.3797,20.4981,,,,,
10/6/2021,4239.18,16.1,,,,,,16.9031,19.443,,,,,
11/6/2021,4247.44,15.65,,,,,,16.5505,18.8501,,,,,
14/6/2021,4255.15,16.39,,,,,,16.4514,19.0759,,,,,
15/6/2021,4246.59,17.02,,,,,,17.1014,19.5645,,,,,
16/6/2021,4223.70,18.15,,,,,,16.38,19.623,,,,,
17/6/2021,4221.86,17.75,,,,,,,19.5146,,,,,
18/6/2021,4166.45,20.7,,,,,,,21.339,,,,,
21/6/2021,4224.79,17.89,,,,,,,19.9159,,,,,
22/6/2021,4246.44,16.66,,,,,,,18.8265,,,,,
23/6/2021,4241.84,16.32,,,,,,,18.4413,,,,,
24/6/2021,4266.49,15.97,,,,,,,18.167,,,,,
25/6/2021,4280.70,15.62,,,,,,,17.7017,,,,,
28/6/2021,4290.61,15.76,,,,,,,17.7213,,,,,
29/6/2021,4291.80,16.02,,,,,,,18.1278,,,,,
30/6/2021,4297.50,15.83,,,,,,,17.9033,,,,,
1/7/2021,4319.94,15.48,,,,,,,17.4735,,,,,
2/7/2021,4352.34,15.07,,,,,,,17.4706,,,,,
6/7/2021,4343.54,16.44,,,,,,,17.9987,,,,,
7/7/2021,4358.13,16.2,,,,,,,18.0485,,,,,
8/7/2021,4320.82,19,,,,,,,19.545,,,,,
9/7/2021,4369.55,16.18,,,,,,,17.7962,,,,,
12/7/2021,4384.63,16.17,,,,,,,17.3713,,,,,
13/7/2021,4369.21,17.12,,,,,,,17.7342,20.0157,,,,
14/7/2021,4374.30,16.33,,,,,,,17.047,19.6029,,,,
15/7/2021,4360.03,17.01,,,,,,,17.51,19.8149,,,,
16/7/2021,4327.16,18.45,,,,,,,18.6228,20.6339,,,,
19/7/2021,4258.49,22.5,,,,,,,22.738,23.6675,,,,
20/7/2021,4323.06,19.73,,,,,,,19.9561,21.4852,,,,
21/7/2021,4358.69,17.91,,,,,,,18.9,20.1082,,,,
22/7/2021,4367.48,17.69,,,,,,,,20.5665,,,,
23/7/2021,4411.79,17.2,,,,,,,,20.3675,,,,
26/7/2021,4422.30,17.58,,,,,,,,20.1497,,,,
27/7/2021,4401.46,19.36,,,,,,,,20.7147,,,,
28/7/2021,4400.64,18.31,,,,,,,,20.1089,,,,
29/7/2021,4419.15,17.7,,,,,,,,19.7092,,,,
30/7/2021,4395.26,18.24,,,,,,,,20.274,,,,
2/8/2021,4387.16,19.46,,,,,,,,21.1496,,,,
3/8/2021,4423.15,18.04,,,,,,,,19.8525,,,,
4/8/2021,4402.66,17.97,,,,,,,,19.8494,,,,
5/8/2021,4429.10,17.28,,,,,,,,19.3129,,,,
6/8/2021,4436.52,16.15,,,,,,,,18.7024,,,,
9/8/2021,4432.35,16.72,,,,,,,,18.4231,,,,
10/8/2021,4436.75,16.79,,,,,,,,17.9776,20.3456,,,
11/8/2021,4447.70,16.06,,,,,,,,17.4443,19.7318,,,
12/8/2021,4460.83,15.59,,,,,,,,17.0028,19.3979,,,
13/8/2021,4468.00,15.45,,,,,,,,16.631,19.486,,,
16/8/2021,4479.71,16.12,,,,,,,,16.504,19.6237,,,
17/8/2021,4448.08,17.91,,,,,,,,17.5787,20.1697,,,
18/8/2021,4400.27,21.57,,,,,,,,18.58,21.7058,,,
19/8/2021,4405.80,21.67,,,,,,,,,22.346,,,
20/8/2021,4441.67,18.56,,,,,,,,,20.5273,,,
23/8/2021,4479.53,17.15,,,,,,,,,19.8468,,,
24/8/2021,4486.23,17.22,,,,,,,,,19.7306,,,
25/8/2021,4496.19,16.79,,,,,,,,,19.2328,,,
26/8/2021,4470.00,18.84,,,,,,,,,20.1229,,,
27/8/2021,4509.37,16.39,,,,,,,,,18.9529,,,
30/8/2021,4528.79,16.19,,,,,,,,,18.746,,,
31/8/2021,4522.68,16.48,,,,,,,,,18.6212,,,
1/9/2021,4524.09,16.11,,,,,,,,,18.0805,,,
2/9/2021,4536.95,16.41,,,,,,,,,17.9632,,,
3/9/2021,4535.43,16.41,,,,,,,,,18.3528,,,
7/9/2021,4520.03,18.14,,,,,,,,,18.8314,20.9005,,
8/9/2021,4514.07,17.96,,,,,,,,,18.7658,20.9315,,
9/9/2021,4493.28,18.8,,,,,,,,,19.3716,21.353,,
10/9/2021,4458.58,20.95,,,,,,,,,20.6249,22.1543,,
13/9/2021,4468.73,19.37,,,,,,,,,19.298,21.3321,,
14/9/2021,4443.05,19.46,,,,,,,,,19.715,21.5605,,
15/9/2021,4480.70,18.18,,,,,,,,,19.79,20.8379,,
16/9/2021,4473.75,18.69,,,,,,,,,,20.5556,,
17/9/2021,4432.99,20.81,,,,,,,,,,21.9377,,
20/9/2021,4357.73,25.71,,,,,,,,,,24.4629,,
21/9/2021,4354.19,24.36,,,,,,,,,,23.4294,,
22/9/2021,4395.64,20.87,,,,,,,,,,22.0994,,
23/9/2021,4448.98,18.63,,,,,,,,,,20.5996,,
24/9/2021,4455.48,17.75,,,,,,,,,,19.8182,,
27/9/2021,4443.11,18.76,,,,,,,,,,20.1083,,
28/9/2021,4352.63,23.25,,,,,,,,,,22.5173,,
29/9/2021,4359.46,22.56,,,,,,,,,,22.9912,,
30/9/2021,4307.54,23.14,,,,,,,,,,22.8678,,
1/10/2021,4357.04,21.15,,,,,,,,,,21.994,,
4/10/2021,4300.46,22.96,,,,,,,,,,22.681,,
5/10/2021,4345.72,21.3,,,,,,,,,,21.7541,,
6/10/2021,4363.55,21,,,,,,,,,,21.2171,,
7/10/2021,4399.76,19.54,,,,,,,,,,20.1013,,
8/10/2021,4391.34,18.77,,,,,,,,,,19.7169,,
11/10/2021,4361.19,20,,,,,,,,,,20.1505,,
12/10/2021,4350.65,19.85,,,,,,,,,,19.7169,21.4506,
13/10/2021,4363.80,18.64,,,,,,,,,,19.1506,21.107,
14/10/2021,4438.26,16.86,,,,,,,,,,17.6014,20.0046,
15/10/2021,4471.37,16.3,,,,,,,,,,17.1727,20.0983,
18/10/2021,4486.46,16.31,,,,,,,,,,16.618,19.6962,
19/10/2021,4519.63,15.7,,,,,,,,,,15.9647,19.5287,
20/10/2021,4536.19,15.49,,,,,,,,,,15.35,19.3155,
21/10/2021,4549.78,15.01,,,,,,,,,,,18.6977,
22/10/2021,4544.90,15.43,,,,,,,,,,,19.1016,
25/10/2021,4566.48,15.24,,,,,,,,,,,18.5505,
26/10/2021,4574.79,15.98,,,,,,,,,,,18.9246,
27/10/2021,4551.68,16.98,,,,,,,,,,,19.3496,
28/10/2021,4596.42,16.53,,,,,,,,,,,18.6503,
29/10/2021,4605.38,16.26,,,,,,,,,,,18.7793,
1/11/2021,4613.67,16.41,,,,,,,,,,,18.3999,
2/11/2021,4630.65,16.03,,,,,,,,,,,17.8505,
3/11/2021,4660.57,15.1,,,,,,,,,,,17.1078,
4/11/2021,4680.06,15.44,,,,,,,,,,,17.4041,
5/11/2021,4697.53,16.48,,,,,,,,,,,18.4401,
8/11/2021,4701.70,17.22,,,,,,,,,,,18.4945,
9/11/2021,4685.25,17.78,,,,,,,,,,,18.9001,20.827
10/11/2021,4646.71,18.73,,,,,,,,,,,19.5268,21.0045
11/11/2021,4649.27,17.66,,,,,,,,,,,18.7588,20.7957
12/11/2021,4682.85,16.29,,,,,,,,,,,17.4182,20.108
15/11/2021,4682.80,16.49,,,,,,,,,,,17.0011,19.891
16/11/2021,4700.90,16.37,,,,,,,,,,,16.7991,20.0017
17/11/2021,4688.67,17.11,,,,,,,,,,,16.34,20.2745
18/11/2021,4704.54,17.59,,,,,,,,,,,,20.4995
19/11/2021,4697.96,17.91,,,,,,,,,,,,20.7994
22/11/2021,4682.94,19.17,,,,,,,,,,,,21.1529
23/11/2021,4690.70,19.38,,,,,,,,,,,,20.563
24/11/2021,4701.46,18.58,,,,,,,,,,,,20.348
26/11/2021,4594.62,28.62,,,,,,,,,,,,26.5412
29/11/2021,4655.27,22.96,,,,,,,,,,,,22.2041
30/11/2021,4567.00,27.19,,,,,,,,,,,,25.6865
1/12/2021,4513.04,31.12,,,,,,,,,,,,27.8304
2/12/2021,4577.10,27.95,,,,,,,,,,,,25.9392
3/12/2021,4538.43,30.67,,,,,,,,,,,,28.7301
6/12/2021,4591.67,27.18,,,,,,,,,,,,25.8521
7/12/2021,4686.75,21.89,,,,,,,,,,,,22.5437
8/12/2021,4701.21,19.9,,,,,,,,,,,,20.8267
9/12/2021,4667.45,21.58,,,,,,,,,,,,21.5672
10/12/2021,4712.02,18.69,22.2662,,,,,,,,,,,19.7975
13/12/2021,4668.97,20.31,23.1634,,,,,,,,,,,20.5841
14/12/2021,4634.09,21.89,23.4828,,,,,,,,,,,21.2857
15/12/2021,4709.85,19.29,21.9711,,,,,,,,,,,19.0758
16/12/2021,4668.67,20.57,22.8188,,,,,,,,,,,20.4217
17/12/2021,4620.64,21.57,23.5739,,,,,,,,,,,21.0691
20/12/2021,4568.02,22.87,24.3107,,,,,,,,,,,22.8089
21/12/2021,4649.23,21.01,23.1636,,,,,,,,,,,21.0726
22/12/2021,4696.56,18.63,21.8007,,,,,,,,,,,20.83
23/12/2021,4725.79,17.96,21.6518,,,,,,,,,,,
27/12/2021,4791.19,17.68,21.0053,,,,,,,,,,,
28/12/2021,4786.35,17.54,20.5305,,,,,,,,,,,
29/12/2021,4793.06,16.95,20.0072,,,,,,,,,,,
30/12/2021,4778.73,17.33,19.9439,,,,,,,,,,,
31/12/2021,4766.18,17.22,19.6745,,,,,,,,,,,
3/1/2022,4796.56,16.6,18.8578,,,,,,,,,,,
4/1/2022,4793.54,16.91,18.8692,,,,,,,,,,,
5/1/2022,4700.58,19.73,20.7745,,,,,,,,,,,
6/1/2022,4696.05,19.61,20.8496,,,,,,,,,,,
7/1/2022,4677.03,18.76,20.398,,,,,,,,,,,
10/1/2022,4670.29,19.4,19.9034,21.7049,,,,,,,,,,
11/1/2022,4713.07,18.41,18.954,20.9933,,,,,,,,,,
12/1/2022,4726.35,17.62,18.5814,20.9713,,,,,,,,,,
13/1/2022,4659.03,20.31,20.4167,22.0944,,,,,,,,,,
14/1/2022,4662.85,19.19,19.667,21.7462,,,,,,,,,,
18/1/2022,4577.11,22.79,22.6197,23.3922,,,,,,,,,,
19/1/2022,4532.76,23.85,22.79,24.0687,,,,,,,,,,
20/1/2022,4482.73,25.59,,24.9658,,,,,,,,,,
21/1/2022,4397.94,28.85,,27.3086,,,,,,,,,,
24/1/2022,4410.13,29.9,,28.0683,,,,,,,,,,
25/1/2022,4356.45,31.16,,28.1645,,,,,,,,,,
26/1/2022,4349.93,31.96,,28.633,,,,,,,,,,
27/1/2022,4326.51,30.49,,28.8263,,,,,,,,,,
28/1/2022,4431.85,27.66,,26.8734,,,,,,,,,,
31/1/2022,4515.55,24.83,,24.8523,,,,,,,,,,
1/2/2022,4546.54,21.96,,22.7458,,,,,,,,,,
2/2/2022,4589.38,22.09,,22.0259,,,,,,,,,,
3/2/2022,4477.44,24.35,,25.7306,,,,,,,,,,
4/2/2022,4500.53,23.22,,24.2613,,,,,,,,,,
7/2/2022,4483.87,22.86,,23.6521,,,,,,,,,,
8/2/2022,4521.54,21.44,,22.3116,23.4098,,,,,,,,,
9/2/2022,4587.18,19.96,,21.1561,22.6687,,,,,,,,,
10/2/2022,4504.08,23.91,,24.2186,24.5799,,,,,,,,,
11/2/2022,4418.64,27.36,,27.814,27.69,,,,,,,,,
14/2/2022,4401.67,28.33,,28.3374,27.7476,,,,,,,,,
15/2/2022,4471.07,25.7,,25.3833,25.5484,,,,,,,,,
16/2/2022,4475.01,24.29,,26.37,24.4723,,,,,,,,,
17/2/2022,4380.26,28.11,,,27.5683,,,,,,,,,
18/2/2022,4348.87,27.75,,,28.1482,,,,,,,,,
22/2/2022,4304.76,28.81,,,27.9601,,,,,,,,,
23/2/2022,4225.50,31.02,,,29.6693,,,,,,,,,
24/2/2022,4288.70,30.32,,,28.5487,,,,,,,,,
25/2/2022,4384.65,27.59,,,27.2572,,,,,,,,,
28/2/2022,4373.94,30.15,,,28.6169,,,,,,,,,
1/3/2022,4306.26,33.32,,,32.1241,,,,,,,,,
2/3/2022,4386.54,30.74,,,29.6145,,,,,,,,,
3/3/2022,4363.49,30.48,,,29.9057,,,,,,,,,
4/3/2022,4328.87,31.98,,,31.5274,,,,,,,,,
7/3/2022,4201.09,36.45,,,34.8105,32.86,,,,,,,,
8/3/2022,4170.70,35.13,,,33.9186,32.6065,,,,,,,,
9/3/2022,4277.88,32.45,,,32.1193,31.4927,,,,,,,,
10/3/2022,4259.52,30.23,,,30.4155,30.1263,,,,,,,,
11/3/2022,4204.31,30.75,,,31.0024,30.78,,,,,,,,
14/3/2022,4173.11,31.77,,,31.8036,31.7235,,,,,,,,
15/3/2022,4262.45,29.83,,,32.28,30.7261,,,,,,,,
16/3/2022,4357.86,26.67,,,,27.5411,,,,,,,,
17/3/2022,4411.67,25.67,,,,27.1143,,,,,,,,
18/3/2022,4463.12,23.87,,,,25.6406,,,,,,,,
21/3/2022,4461.18,23.53,,,,25.482,,,,,,,,
22/3/2022,4511.61,22.94,,,,24.9989,,,,,,,,
23/3/2022,4456.24,23.57,,,,24.8925,,,,,,,,
24/3/2022,4520.16,21.67,,,,24.2654,,,,,,,,
25/3/2022,4543.06,20.81,,,,23.4552,,,,,,,,
28/3/2022,4575.52,19.63,,,,22.9946,,,,,,,,
29/3/2022,4631.60,18.9,,,,21.7532,,,,,,,,
30/3/2022,4602.45,19.33,,,,22.07,,,,,,,,
31/3/2022,4530.41,20.56,,,,23.469,,,,,,,,
1/4/2022,4545.86,19.63,,,,22.3324,,,,,,,,
4/4/2022,4582.64,18.57,,,,20.9619,,,,,,,,
5/4/2022,4525.12,21.03,,,,23.2559,,,,,,,,
6/4/2022,4481.15,22.1,,,,23.7022,,,,,,,,
7/4/2022,4500.21,21.55,,,,22.9769,,,,,,,,
8/4/2022,4488.28,21.16,,,,22.8475,,,,,,,,
11/4/2022,4412.53,24.37,,,,24.7042,25.9219,,,,,,,
12/4/2022,4397.45,24.26,,,,25.0641,26.2047,,,,,,,
13/4/2022,4446.59,21.82,,,,22.6858,24.4289,,,,,,,
14/4/2022,4392.59,22.7,,,,23.4211,25.0983,,,,,,,
18/4/2022,4391.69,22.17,,,,22.9518,24.7867,,,,,,,
19/4/2022,4462.21,21.37,,,,21.1489,23.5416,,,,,,,
20/4/2022,4459.45,20.32,,,,20.3,22.9919,,,,,,,
21/4/2022,4393.66,22.68,,,,,24.6907,,,,,,,
22/4/2022,4271.78,28.21,,,,,27.9879,,,,,,,
25/4/2022,4296.12,27.02,,,,,27.2576,,,,,,,
26/4/2022,4175.20,33.52,,,,,30.3018,,,,,,,
27/4/2022,4183.96,31.6,,,,,30.8249,,,,,,,
28/4/2022,4287.50,29.99,,,,,29.2407,,,,,,,
29/4/2022,4131.93,33.4,,,,,31.6487,,,,,,,
2/5/2022,4155.38,32.34,,,,,30.9477,,,,,,,
3/5/2022,4175.48,29.25,,,,,28.8864,,,,,,,
4/5/2022,4300.17,25.42,,,,,25.762,,,,,,,
5/5/2022,4146.87,31.2,,,,,31.3271,,,,,,,
6/5/2022,4123.34,30.19,,,,,30.8118,,,,,,,
9/5/2022,3991.24,34.75,,,,,33.8168,,,,,,,
10/5/2022,4001.05,32.99,,,,,32.254,31.9614,,,,,,
11/5/2022,3935.18,32.56,,,,,32.1627,31.7389,,,,,,
12/5/2022,3930.08,31.77,,,,,31.2544,31.261,,,,,,
13/5/2022,4023.89,28.87,,,,,28.8191,29.3959,,,,,,
16/5/2022,4008.01,27.47,,,,,27.5856,28.0855,,,,,,
17/5/2022,4088.85,26.1,,,,,26.5988,27.4896,,,,,,
18/5/2022,3923.68,30.96,,,,,27.68,31.5195,,,,,,
19/5/2022,3900.79,29.35,,,,,,29.286,,,,,,
20/5/2022,3901.36,29.43,,,,,,29.4224,,,,,,
23/5/2022,3973.75,28.48,,,,,,29.0797,,,,,,
24/5/2022,3941.48,29.45,,,,,,29.1855,,,,,,
25/5/2022,3978.73,28.37,,,,,,28.4859,,,,,,
26/5/2022,4057.84,27.5,,,,,,28.0636,,,,,,
27/5/2022,4158.24,25.72,,,,,,26.8678,,,,,,
31/5/2022,4132.15,26.19,,,,,,26.4123,,,,,,
1/6/2022,4101.23,25.69,,,,,,26.1937,,,,,,
2/6/2022,4176.82,24.72,,,,,,25.6001,,,,,,
3/6/2022,4108.54,24.79,,,,,,25.9627,,,,,,
6/6/2022,4121.43,25.07,,,,,,25.5854,,,,,,
7/6/2022,4160.68,24.02,,,,,,24.6805,26.3045,,,,,
8/6/2022,4115.77,23.96,,,,,,24.6993,26.256,,,,,
9/6/2022,4017.82,26.09,,,,,,26.4245,27.4994,,,,,
10/6/2022,3900.86,27.75,,,,,,28.2892,29.0858,,,,,
13/6/2022,3749.63,34.02,,,,,,33.4687,32.8934,,,,,
14/6/2022,3735.48,32.69,,,,,,32.5815,31.8115,,,,,
15/6/2022,3789.99,29.62,,,,,,31,30.0306,,,,,
16/6/2022,3666.77,32.95,,,,,,,31.9206,,,,,
17/6/2022,3674.84,31.13,,,,,,,30.902,,,,,
21/6/2022,3764.79,30.19,,,,,,,30.3228,,,,,
22/6/2022,3759.89,28.95,,,,,,,29.0105,,,,,
23/6/2022,3795.73,29.05,,,,,,,29.0073,,,,,
24/6/2022,3911.74,27.23,,,,,,,28.4774,,,,,
27/6/2022,3900.11,26.95,,,,,,,27.4118,,,,,
28/6/2022,3821.55,28.36,,,,,,,28.3331,,,,,
29/6/2022,3818.83,28.16,,,,,,,28.3335,,,,,
30/6/2022,3785.38,28.71,,,,,,,28.5623,,,,,
1/7/2022,3825.33,26.7,,,,,,,27.689,,,,,
5/7/2022,3831.39,27.54,,,,,,,27.7261,,,,,
6/7/2022,3845.08,26.73,,,,,,,27.1987,,,,,
7/7/2022,3902.62,26.08,,,,,,,26.85,,,,,
8/7/2022,3899.38,24.64,,,,,,,26.049,,,,,
11/7/2022,3854.43,26.17,,,,,,,27.186,,,,,
12/7/2022,3818.80,27.29,,,,,,,27.3879,28.2453,,,,
13/7/2022,3801.78,26.82,,,,,,,26.8636,27.8784,,,,
14/7/2022,3790.38,26.4,,,,,,,26.8663,27.9454,,,,
15/7/2022,3863.16,24.23,,,,,,,25.2066,26.5589,,,,
18/7/2022,3830.85,25.3,,,,,,,25.7016,27.3971,,,,
19/7/2022,3936.69,24.5,,,,,,,24.83,27.0352,,,,
20/7/2022,3959.90,23.88,,,,,,,24.37,26.2684,,,,
21/7/2022,3998.95,23.11,,,,,,,,25.7437,,,,
22/7/2022,3961.63,23.03,,,,,,,,25.5044,,,,
25/7/2022,3966.84,23.36,,,,,,,,25.2141,,,,
26/7/2022,3921.05,24.69,,,,,,,,25.9513,,,,
27/7/2022,4023.61,23.24,,,,,,,,25.0001,,,,
28/7/2022,4072.43,22.33,,,,,,,,23.667,,,,
29/7/2022,4130.29,21.33,,,,,,,,23.4158,,,,
1/8/2022,4118.63,22.84,,,,,,,,24.2144,,,,
2/8/2022,4091.19,23.93,,,,,,,,24.6115,,,,
3/8/2022,4155.17,21.95,,,,,,,,23.1634,,,,
4/8/2022,4151.94,21.44,,,,,,,,23.2001,,,,
5/8/2022,4145.19,21.15,,,,,,,,22.4476,,,,
8/8/2022,4140.06,21.29,,,,,,,,22.6589,,,,
9/8/2022,4122.47,21.77,,,,,,,,22.989,25.0329,,,
10/8/2022,4210.24,19.74,,,,,,,,21.3507,23.5999,,,
11/8/2022,4207.27,20.2,,,,,,,,21.4995,23.8495,,,
12/8/2022,4280.15,19.53,,,,,,,,21.1867,23.6234,,,
15/8/2022,4297.14,19.95,,,,,,,,20.426,23.2003,,,
16/8/2022,4305.20,19.69,,,,,,,,20.0006,23.4392,,,
17/8/2022,4274.04,19.9,,,,,,,,20.11,23.2813,,,
18/8/2022,4283.74,19.56,,,,,,,,,22.9999,,,
19/8/2022,4228.48,20.6,,,,,,,,,24.1028,,,
22/8/2022,4137.99,23.8,,,,,,,,,25.8208,,,
23/8/2022,4128.73,24.11,,,,,,,,,25.3302,,,
24/8/2022,4140.77,22.82,,,,,,,,,24.3501,,,
25/8/2022,4199.12,21.78,,,,,,,,,23.5977,,,
26/8/2022,4057.66,25.56,,,,,,,,,26.1802,,,
29/8/2022,4030.61,26.21,,,,,,,,,26.0278,,,
30/8/2022,3986.16,26.21,,,,,,,,,26.4608,,,
31/8/2022,3955.00,25.87,,,,,,,,,25.7939,,,
1/9/2022,3966.85,25.56,,,,,,,,,25.6212,,,
2/9/2022,3924.26,25.47,,,,,,,,,25.9363,,,
6/9/2022,3908.19,26.91,,,,,,,,,26.7579,,,
7/9/2022,3979.87,24.64,,,,,,,,,24.8966,,,
8/9/2022,4006.18,23.61,,,,,,,,,24.3161,,,
9/9/2022,4067.36,22.79,,,,,,,,,23.9496,,,
12/9/2022,4110.41,23.87,,,,,,,,,23.9193,,,
13/9/2022,3932.69,27.27,,,,,,,,,26.745,27.5215,,
14/9/2022,3946.01,26.16,,,,,,,,,26.4161,27.4742,,
15/9/2022,3901.35,26.27,,,,,,,,,26.3637,27.3471,,
16/9/2022,3873.33,26.3,,,,,,,,,26.2206,27.2494,,
19/9/2022,3899.89,25.76,,,,,,,,,25.7761,26.5139,,
20/9/2022,3855.93,27.16,,,,,,,,,26.9999,27.3749,,
21/9/2022,3789.93,27.99,,,,,,,,,26.65,28.1968,,
22/9/2022,3757.99,27.35,,,,,,,,,,28.0956,,
23/9/2022,3693.23,29.92,,,,,,,,,,29.8592,,
26/9/2022,3655.04,32.26,,,,,,,,,,30.9247,,
27/9/2022,3647.29,32.6,,,,,,,,,,31.383,,
28/9/2022,3719.04,30.18,,,,,,,,,,29.8919,,
29/9/2022,3640.47,31.84,,,,,,,,,,30.9432,,
30/9/2022,3585.62,31.62,,,,,,,,,,31.516,,
3/10/2022,3678.43,30.1,,,,,,,,,,29.9893,,
4/10/2022,3790.93,29.07,,,,,,,,,,28.7999,,
5/10/2022,3783.28,28.55,,,,,,,,,,28.9643,,
6/10/2022,3744.52,30.52,,,,,,,,,,29.9193,,
7/10/2022,3639.66,31.36,,,,,,,,,,31.1984,,
10/10/2022,3612.39,32.45,,,,,,,,,,32.1078,,
11/10/2022,3588.84,33.63,,,,,,,,,,32.754,32.1758,
12/10/2022,3577.03,33.57,,,,,,,,,,32.1735,31.7784,
13/10/2022,3669.91,31.94,,,,,,,,,,31.0521,30.9996,
14/10/2022,3583.07,32.02,,,,,,,,,,31.9297,31.5866,
17/10/2022,3677.95,31.37,,,,,,,,,,31.1798,30.879,
18/10/2022,3719.98,30.5,,,,,,,,,,30.8564,30.1507,
19/10/2022,3695.16,30.76,,,,,,,,,,31.77,30.3978,
20/10/2022,3665.78,29.98,,,,,,,,,,,29.9629,
21/10/2022,3752.75,29.69,,,,,,,,,,,29.9854,
24/10/2022,3797.34,29.85,,,,,,,,,,,29.3523,
25/10/2022,3859.11,28.46,,,,,,,,,,,28.1854,
26/10/2022,3830.60,27.28,,,,,,,,,,,27.4876,
27/10/2022,3807.30,27.39,,,,,,,,,,,26.9184,
28/10/2022,3901.06,25.75,,,,,,,,,,,26.2602,
31/10/2022,3871.98,25.88,,,,,,,,,,,25.8753,
1/11/2022,3856.10,25.81,,,,,,,,,,,25.634,
2/11/2022,3759.69,25.86,,,,,,,,,,,26.4475,
3/11/2022,3719.89,25.3,,,,,,,,,,,25.6701,
4/11/2022,3770.55,24.55,,,,,,,,,,,25.5286,
7/11/2022,3806.80,24.35,,,,,,,,,,,25.1559,25.5002
8/11/2022,3828.11,25.54,,,,,,,,,,,26.1017,26.1902
9/11/2022,3748.57,26.09,,,,,,,,,,,26.857,27.0025
10/11/2022,3956.37,23.53,,,,,,,,,,,24.6297,25.6828
14/11/2022,3957.25,23.73,,,,,,,,,,,24.237,25.3841
15/11/2022,3991.73,24.54,,,,,,,,,,,24.584,25.75
16/11/2022,3958.79,24.11,,,,,,,,,,,24.93,25.0542
17/11/2022,3946.56,23.93,,,,,,,,,,,,24.7666
18/11/2022,3965.34,23.12,,,,,,,,,,,,24.515
21/11/2022,3949.94,22.36,,,,,,,,,,,,23.8139
22/11/2022,4003.58,21.29,,,,,,,,,,,,22.9505
23/11/2022,4027.26,20.35,,,,,,,,,,,,22.4026
25/11/2022,4026.12,20.5,,,,,,,,,,,,22.4869
28/11/2022,3963.94,22.21,,,,,,,,,,,,23.4033
29/11/2022,3957.63,21.89,,,,,,,,,,,,23.0397
30/11/2022,4080.11,20.58,,,,,,,,,,,,22.122
1/12/2022,4076.57,19.84,,,,,,,,,,,,21.5747
2/12/2022,4071.70,19.06,,,,,,,,,,,,21.2041
5/12/2022,3998.84,20.75,,,,,,,,,,,,21.6851
6/12/2022,3941.26,22.17,24.7988,,,,,,,,,,,22.4502
7/12/2022,3933.92,22.68,25.1489,,,,,,,,,,,22.8621
8/12/2022,3963.51,22.29,24.6494,,,,,,,,,,,22.3978
9/12/2022,3934.38,22.83,25.0979,,,,,,,,,,,23.1016
12/12/2022,3990.56,25,24.9368,,,,,,,,,,,23.1023
13/12/2022,4019.65,22.55,23.9474,,,,,,,,,,,21.6885
14/12/2022,3995.32,21.14,23.2012,,,,,,,,,,,20.6262
15/12/2022,3895.75,22.83,24.62,,,,,,,,,,,22.3075
16/12/2022,3852.36,22.62,24.681,,,,,,,,,,,22.4507
19/12/2022,3817.66,22.42,24.0198,,,,,,,,,,,22.147
20/12/2022,3821.62,21.48,23.9359,,,,,,,,,,,21.4848
21/12/2022,3878.44,20.07,23.0131,,,,,,,,,,,20.25
22/12/2022,3822.39,21.97,24.2555,,,,,,,,,,,
23/12/2022,3844.82,20.87,23.6302,,,,,,,,,,,
27/12/2022,3829.25,21.65,23.4524,,,,,,,,,,,
28/12/2022,3783.22,22.14,23.5481,,,,,,,,,,,
29/12/2022,3849.28,21.44,23.2091,,,,,,,,,,,
30/12/2022,3839.50,21.67,23.0981,,,,,,,,,,,
3/1/2023,3824.14,22.9,23.0514,,,,,,,,,,,
4/1/2023,3852.97,22.01,22.401,,,,,,,,,,,
5/1/2023,3808.10,22.46,22.6516,,,,,,,,,,,
6/1/2023,3895.08,21.13,22.1957,,,,,,,,,,,
9/1/2023,3892.09,21.97,22.2669,23.0757,,,,,,,,,,
10/1/2023,3919.25,20.58,21.0949,22.1945,,,,,,,,,,
11/1/2023,3969.61,21.09,21.2004,22.3485,,,,,,,,,,
12/1/2023,3983.17,18.83,19.82,21.252,,,,,,,,,,
13/1/2023,3999.09,18.35,19.4988,20.7317,,,,,,,,,,
17/1/2023,3990.97,19.36,19.3155,20.9452,,,,,,,,,,
18/1/2023,3928.86,20.34,19.09,21.6874,,,,,,,,,,
19/1/2023,3898.85,20.52,,21.7451,,,,,,,,,,
20/1/2023,3972.61,19.85,,21.086,,,,,,,,,,
23/1/2023,4019.81,19.81,,20.7548,,,,,,,,,,
24/1/2023,4016.95,19.2,,19.9502,,,,,,,,,,
25/1/2023,4016.22,19.08,,19.9583,,,,,,,,,,
26/1/2023,4060.43,18.73,,19.6703,,,,,,,,,,
27/1/2023,4070.56,18.51,,19.3177,,,,,,,,,,
30/1/2023,4017.77,19.94,,20.0481,,,,,,,,,,
31/1/2023,4076.60,19.4,,19.5257,,,,,,,,,,
1/2/2023,4119.21,17.87,,18.7506,,,,,,,,,,
2/2/2023,4179.76,18.73,,19.2989,,,,,,,,,,
3/2/2023,4136.48,18.33,,19.3373,,,,,,,,,,
6/2/2023,4111.08,19.43,,20.0124,,,,,,,,,,
7/2/2023,4164.00,18.66,,19.2146,20.3507,,,,,,,,,
8/2/2023,4117.86,19.63,,20.0524,21.1509,,,,,,,,,
9/2/2023,4081.50,20.71,,20.8103,21.7857,,,,,,,,,
10/2/2023,4090.46,20.53,,20.9304,22.0492,,,,,,,,,
13/2/2023,4137.29,20.34,,19.9144,21.2484,,,,,,,,,
14/2/2023,4136.13,18.91,,18.6489,20.4267,,,,,,,,,
15/2/2023,4147.60,18.23,,18.69,20.0523,,,,,,,,,
16/2/2023,4090.41,20.17,,,21.1605,,,,,,,,,
17/2/2023,4079.09,20.02,,,21.2482,,,,,,,,,
21/2/2023,3997.34,22.87,,,22.9011,,,,,,,,,
22/2/2023,3991.05,22.29,,,22.2109,,,,,,,,,
23/2/2023,4012.32,21.14,,,21.3726,,,,,,,,,
24/2/2023,3970.04,21.67,,,22.1873,,,,,,,,,
27/2/2023,3982.24,20.95,,,21.3317,,,,,,,,,
28/2/2023,3970.15,20.7,,,20.7757,,,,,,,,,
1/3/2023,3951.39,20.58,,,21.0322,,,,,,,,,
2/3/2023,3981.35,19.59,,,20.2009,,,,,,,,,
3/3/2023,4045.64,18.49,,,19.4984,,,,,,,,,
6/3/2023,4048.42,18.61,,,19.2202,,,,,,,,,
7/3/2023,3986.37,19.59,,,19.7516,,,,,,,,,
8/3/2023,3992.01,19.11,,,19.3052,,,,,,,,,
9/3/2023,3918.32,22.61,,,21.7964,,,,,,,,,
10/3/2023,3861.59,24.8,,,24.1808,,,,,,,,,
13/3/2023,3855.76,26.52,,,25.3724,,,,,,,,,
14/3/2023,3919.29,23.73,,,23.7017,23.9083,,,,,,,,
15/3/2023,3891.93,26.14,,,25.8129,25.8726,,,,,,,,
16/3/2023,3960.28,22.99,,,23.0155,23.5506,,,,,,,,
17/3/2023,3916.64,25.51,,,25.6342,26.1463,,,,,,,,
20/3/2023,3951.57,24.15,,,24.1683,24.942,,,,,,,,
21/3/2023,4002.87,21.38,,,21.5908,22.7699,,,,,,,,
22/3/2023,3936.97,22.26,,,20.68,23.5,,,,,,,,
23/3/2023,3948.72,22.61,,,,24.2236,,,,,,,,
24/3/2023,3970.99,21.74,,,,23.2241,,,,,,,,
27/3/2023,3977.53,20.6,,,,22.2674,,,,,,,,
28/3/2023,3971.27,19.97,,,,21.6995,,,,,,,,
29/3/2023,4027.81,19.12,,,,20.9309,,,,,,,,
30/3/2023,4050.83,19.02,,,,20.8277,,,,,,,,
31/3/2023,4109.31,18.7,,,,20.7642,,,,,,,,
3/4/2023,4124.51,18.55,,,,20.2095,,,,,,,,
4/4/2023,4100.60,19,,,,20.5997,,,,,,,,
5/4/2023,4090.38,19.08,,,,20.4184,,,,,,,,
6/4/2023,4105.02,18.4,,,,19.9781,,,,,,,,
10/4/2023,4109.11,18.97,,,,19.804,,,,,,,,
11/4/2023,4108.94,19.1,,,,19.7666,20.971,,,,,,,
12/4/2023,4091.95,19.09,,,,19.9518,21.0517,,,,,,,
13/4/2023,4146.22,17.8,,,,18.7342,20.4359,,,,,,,
14/4/2023,4137.64,17.07,,,,18.3523,20.09,,,,,,,
17/4/2023,4151.32,16.95,,,,17.416,19.5767,,,,,,,
18/4/2023,4154.87,16.83,,,,17.0513,19.4442,,,,,,,
19/4/2023,4154.52,16.46,,,,16.75,19.4007,,,,,,,
20/4/2023,4129.79,17.17,,,,,19.8376,,,,,,,
21/4/2023,4133.52,16.77,,,,,19.4083,,,,,,,
24/4/2023,4137.04,16.89,,,,,19.3262,,,,,,,
25/4/2023,4071.63,18.76,,,,,21.0194,,,,,,,
26/4/2023,4055.99,18.84,,,,,20.4248,,,,,,,
27/4/2023,4135.35,17.03,,,,,19.4461,,,,,,,
28/4/2023,4169.48,15.78,,,,,18.4361,,,,,,,
1/5/2023,4167.87,16.08,,,,,18.1693,,,,,,,
2/5/2023,4119.58,17.78,,,,,19.3402,,,,,,,
3/5/2023,4090.75,18.34,,,,,19.9541,,,,,,,
4/5/2023,4061.22,20.09,,,,,21.1905,,,,,,,
5/5/2023,4136.25,17.19,,,,,19.2868,,,,,,,
8/5/2023,4138.12,16.98,,,,,19.0021,,,,,,,
9/5/2023,4119.17,17.71,,,,,19.4202,21.3303,,,,,,
10/5/2023,4137.64,16.94,,,,,18.8504,20.7546,,,,,,
11/5/2023,4130.62,16.93,,,,,18.6032,20.5239,,,,,,
12/5/2023,4124.08,17.03,,,,,18.5431,20.5509,,,,,,
15/5/2023,4136.28,17.12,,,,,17.801,20.0649,,,,,,
16/5/2023,4109.90,17.99,,,,,18.282,20.6437,,,,,,
17/5/2023,4158.77,16.87,,,,,17.12,19.9815,,,,,,
18/5/2023,4198.05,16.05,,,,,,19.1473,,,,,,
19/5/2023,4191.98,16.81,,,,,,19.6485,,,,,,
22/5/2023,4192.63,17.21,,,,,,19.671,,,,,,
23/5/2023,4145.58,18.53,,,,,,20.0458,,,,,,
24/5/2023,4115.24,20.03,,,,,,20.9965,,,,,,
25/5/2023,4151.28,19.14,,,,,,20.4261,,,,,,
26/5/2023,4205.45,17.95,,,,,,19.5822,,,,,,
30/5/2023,4205.52,17.46,,,,,,18.967,,,,,,
31/5/2023,4179.83,17.94,,,,,,18.8651,,,,,,
1/6/2023,4221.02,15.65,,,,,,17.7047,,,,,,
2/6/2023,4282.37,14.6,,,,,,16.9463,,,,,,
5/6/2023,4273.79,14.73,,,,,,16.5014,,,,,,
6/6/2023,4283.85,13.96,,,,,,15.4181,,,,,,
7/6/2023,4267.52,13.94,,,,,,15.4509,,,,,,
8/6/2023,4293.93,13.65,,,,,,15.0127,,,,,,
9/6/2023,4298.86,13.83,,,,,,15.2378,,,,,,
12/6/2023,4338.93,15.01,,,,,,15.5628,17.1041,,,,,
13/6/2023,4369.01,14.61,,,,,,15.3191,17.1144,,,,,
14/6/2023,4372.59,13.88,,,,,,14.778,16.6008,,,,,
15/6/2023,4425.84,14.5,,,,,,15.103,17.0878,,,,,
16/6/2023,4409.59,13.54,,,,,,14.3454,16.4772,,,,,
20/6/2023,4388.71,13.88,,,,,,14.0254,16.5246,,,,,
21/6/2023,4365.69,13.2,,,,,,13.44,16.179,,,,,
22/6/2023,4381.89,12.91,,,,,,,15.7789,,,,,
23/6/2023,4348.33,13.44,,,,,,,15.9547,,,,,
26/6/2023,4328.82,14.25,,,,,,,15.9957,,,,,
27/6/2023,4378.41,13.74,,,,,,,15.5616,,,,,
28/6/2023,4376.86,13.43,,,,,,,14.9918,,,,,
29/6/2023,4396.44,13.54,,,,,,,15.3281,,,,,
30/6/2023,4450.38,13.59,,,,,,,15.011,,,,,
3/7/2023,4455.59,13.57,,,,,,,14.8946,,,,,
5/7/2023,4446.82,14.18,,,,,,,15.2825,,,,,
6/7/2023,4411.59,15.44,,,,,,,16.1652,,,,,
7/7/2023,4398.95,14.83,,,,,,,15.8619,,,,,
10/7/2023,4409.53,15.07,,,,,,,15.7747,,,,,
11/7/2023,4439.26,14.84,,,,,,,15.5525,16.5759,,,,
12/7/2023,4472.16,13.54,,,,,,,14.2934,15.7668,,,,
13/7/2023,4510.04,13.61,,,,,,,14.1923,15.9364,,,,
14/7/2023,4505.42,13.34,,,,,,,13.8048,15.7526,,,,
17/7/2023,4522.79,13.48,,,,,,,13.699,15.7475,,,,
18/7/2023,4554.98,13.3,,,,,,,13.3001,15.5365,,,,
19/7/2023,4565.72,13.76,,,,,,,13.02,15.905,,,,
20/7/2023,4534.87,13.99,,,,,,,,15.846,,,,
21/7/2023,4536.34,13.6,,,,,,,,15.611,,,,
24/7/2023,4554.64,13.91,,,,,,,,15.3804,,,,
25/7/2023,4567.46,13.86,,,,,,,,15.3462,,,,
26/7/2023,4566.75,13.19,,,,,,,,14.8878,,,,
27/7/2023,4537.41,14.41,,,,,,,,15.6879,,,,
28/7/2023,4582.23,13.33,,,,,,,,14.9886,,,,
31/7/2023,4588.96,13.63,,,,,,,,14.8634,,,,
1/8/2023,4576.73,13.93,,,,,,,,15.0724,,,,
2/8/2023,4513.39,16.09,,,,,,,,16.7022,,,,
3/8/2023,4501.89,15.92,,,,,,,,16.7483,,,,
4/8/2023,4478.03,17.1,,,,,,,,17.5076,,,,
7/8/2023,4518.44,15.77,,,,,,,,16.2943,,,,
8/8/2023,4499.38,15.99,,,,,,,,16.4955,17.7233,,,
9/8/2023,4467.71,15.96,,,,,,,,16.3469,17.5875,,,
10/8/2023,4468.83,15.85,,,,,,,,16.0072,17.6997,,,
11/8/2023,4464.05,14.84,,,,,,,,15.3536,17.0503,,,
14/8/2023,4489.72,14.82,,,,,,,,14.8456,16.7773,,,
15/8/2023,4437.86,16.46,,,,,,,,16.1726,17.696,,,
16/8/2023,4404.33,16.78,,,,,,,,16.28,18.0118,,,
17/8/2023,4370.36,17.89,,,,,,,,,18.8548,,,
18/8/2023,4369.71,17.3,,,,,,,,,18.4487,,,
21/8/2023,4399.77,17.13,,,,,,,,,17.8493,,,
22/8/2023,4387.55,16.97,,,,,,,,,17.901,,,
23/8/2023,4436.01,15.98,,,,,,,,,17.2933,,,
24/8/2023,4376.31,17.2,,,,,,,,,18.0102,,,
25/8/2023,4405.71,15.68,,,,,,,,,17.1776,,,
28/8/2023,4433.31,15.08,,,,,,,,,16.4326,,,
29/8/2023,4497.63,14.45,,,,,,,,,15.9027,,,
30/8/2023,4514.87,13.88,,,,,,,,,15.3029,,,
31/8/2023,4507.66,13.57,,,,,,,,,15.0438,,,
1/9/2023,4515.77,13.09,,,,,,,,,14.7971,,,
5/9/2023,4496.83,14.01,,,,,,,,,14.9927,,,
6/9/2023,4465.48,14.45,,,,,,,,,15.3467,,,
7/9/2023,4451.14,14.4,,,,,,,,,15.3022,,,
8/9/2023,4457.49,13.84,,,,,,,,,14.9405,,,
11/9/2023,4487.46,13.8,,,,,,,,,14.5844,,,
12/9/2023,4461.90,14.23,,,,,,,,,14.6385,15.8595,,
13/9/2023,4467.44,13.48,,,,,,,,,13.9985,15.665,,
14/9/2023,4505.10,12.82,,,,,,,,,13.3689,15.2378,,
15/9/2023,4450.32,13.79,,,,,,,,,14.2528,15.7721,,
18/9/2023,4453.53,14,,,,,,,,,14.0971,15.6816,,
19/9/2023,4443.95,14.11,,,,,,,,,14.0519,15.5728,,
20/9/2023,4402.20,15.14,,,,,,,,,13.96,16.1696,,
21/9/2023,4330.00,17.54,,,,,,,,,,17.4859,,
22/9/2023,4320.06,17.2,,,,,,,,,,17.4916,,
25/9/2023,4337.44,16.9,,,,,,,,,,17.4974,,
26/9/2023,4273.53,18.94,,,,,,,,,,19.1742,,
27/9/2023,4274.51,18.22,,,,,,,,,,18.3022,,
28/9/2023,4299.70,17.34,,,,,,,,,,17.3515,,
29/9/2023,4288.05,17.52,,,,,,,,,,17.7712,,
2/10/2023,4288.39,17.61,,,,,,,,,,17.8507,,
3/10/2023,4229.45,19.78,,,,,,,,,,19.6564,,
4/10/2023,4263.75,18.58,,,,,,,,,,18.5177,,
5/10/2023,4258.19,18.49,,,,,,,,,,18.1998,,
6/10/2023,4308.50,17.45,,,,,,,,,,18.0342,,
9/10/2023,4335.66,17.7,,,,,,,,,,17.6467,,
10/10/2023,4358.24,17.03,,,,,,,,,,16.9878,17.6168,
11/10/2023,4376.95,16.09,,,,,,,,,,16.5021,17.3537,
12/10/2023,4349.61,16.69,,,,,,,,,,16.9479,17.7476,
13/10/2023,4327.78,19.32,,,,,,,,,,19.2567,19.9214,
16/10/2023,4373.63,17.21,,,,,,,,,,17.1597,17.978,
17/10/2023,4373.20,17.88,,,,,,,,,,17.8484,18.4362,
18/10/2023,4314.60,19.22,,,,,,,,,,18.37,19.5967,
19/10/2023,4278.00,21.4,,,,,,,,,,,20.5549,
20/10/2023,4224.16,21.71,,,,,,,,,,,20.725,
23/10/2023,4217.04,20.37,,,,,,,,,,,20.0003,
24/10/2023,4247.68,18.97,,,,,,,,,,,19.0875,
25/10/2023,4186.77,20.19,,,,,,,,,,,20.3008,
26/10/2023,4137.23,20.68,,,,,,,,,,,20.5375,
27/10/2023,4117.37,21.27,,,,,,,,,,,21.1865,
30/10/2023,4166.82,19.75,,,,,,,,,,,19.5901,
31/10/2023,4193.80,18.14,,,,,,,,,,,18.1268,
1/11/2023,4237.86,16.87,,,,,,,,,,,17.3005,
2/11/2023,4317.78,15.66,,,,,,,,,,,16.5565,
3/11/2023,4358.34,14.91,,,,,,,,,,,16.1519,
6/11/2023,4365.98,14.89,,,,,,,,,,,15.6461,
7/11/2023,4378.38,14.81,,,,,,,,,,,15.5014,16.3245
8/11/2023,4382.78,14.45,,,,,,,,,,,15.1093,16.046
9/11/2023,4347.35,15.29,,,,,,,,,,,15.8874,16.6544
10/11/2023,4415.24,14.17,,,,,,,,,,,14.8991,15.997
13/11/2023,4411.55,14.76,,,,,,,,,,,14.8035,15.8467
14/11/2023,4495.70,14.16,,,,,,,,,,,14.2701,15.7429
15/11/2023,4502.88,14.18,,,,,,,,,,,14.22,15.3507
16/11/2023,4508.24,14.32,,,,,,,,,,,,15.1459
17/11/2023,4514.02,13.8,,,,,,,,,,,,14.9042
20/11/2023,4547.38,13.41,,,,,,,,,,,,14.776
21/11/2023,4538.19,13.35,,,,,,,,,,,,14.4523
22/11/2023,4556.62,12.85,,,,,,,,,,,,14.5628
24/11/2023,4559.34,12.46,,,,,,,,,,,,13.8496
27/11/2023,4550.43,12.69,,,,,,,,,,,,13.9533
28/11/2023,4554.89,12.69,,,,,,,,,,,,13.7842
29/11/2023,4550.58,12.98,,,,,,,,,,,,13.9997
30/11/2023,4567.80,12.92,,,,,,,,,,,,13.7578
1/12/2023,4594.63,12.63,,,,,,,,,,,,13.6982
4/12/2023,4569.78,13.08,,,,,,,,,,,,13.8006
5/12/2023,4567.18,12.85,,,,,,,,,,,,13.663
6/12/2023,4549.34,12.97,,,,,,,,,,,,13.737
7/12/2023,4585.59,13.06,,,,,,,,,,,,13.7485
8/12/2023,4604.37,12.35,,,,,,,,,,,,13.3417
11/12/2023,4622.44,12.63,,,,,,,,,,,,12.9471
12/12/2023,4643.70,12.07,,,,,,,,,,,,12.4035
13/12/2023,4707.09,12.19,,,,,,,,,,,,12.1843
14/12/2023,4719.55,12.48,,,,,,,,,,,,12.3048
15/12/2023,4719.19,12.28,,,,,,,,,,,,12.4649
18/12/2023,4740.56,12.56,,,,,,,,,,,,12.4176
19/12/2023,4768.37,12.53,,,,,,,,,,,,12.409
20/12/2023,4698.35,13.67,,,,,,,,,,,,12.31
21/12/2023,4746.75,13.65,,,,,,,,,,,,
22/12/2023,4754.63,13.03,,,,,,,,,,,,
26/12/2023,4774.75,12.99,,,,,,,,,,,,
27/12/2023,4781.58,12.43,,,,,,,,,,,,
28/12/2023,4783.35,12.47,,,,,,,,,,,,
29/12/2023,4769.83,12.45,,,,,,,,,,,,
